0,-1875000,-1875000,0
0,-1875000,-100000,0
0,-1875000,-4096,0
0,-1875000,-251,0
0,-1875000,-17,1
0,-1875000,-16,1
0,-1875000,-1,0
0,-1875000,0,0
0,-1875000,1,0
0,-1875000,16,0
0,-1875000,17,1
0,-1875000,250,0
0,-1875000,4096,0
0,-1875000,100000,0
0,-1875000,1875000,1
0,-100000,-1875000,0
0,-100000,-100000,0
0,-100000,-4096,0
0,-100000,-251,0
0,-100000,-17,0
0,-100000,-16,0
0,-100000,-1,0
0,-100000,0,1
0,-100000,1,0
0,-100000,16,0
0,-100000,17,0
0,-100000,250,0
0,-100000,4096,0
0,-100000,100000,0
0,-100000,1875000,0
0,-4096,-1875000,0
0,-4096,-100000,0
0,-4096,-4096,0
0,-4096,-251,0
0,-4096,-17,0
0,-4096,-16,0
0,-4096,-1,0
0,-4096,0,0
0,-4096,1,0
0,-4096,16,0
0,-4096,17,0
0,-4096,250,0
0,-4096,4096,0
0,-4096,100000,0
0,-4096,1875000,0
0,-251,-1875000,0
0,-251,-100000,0
0,-251,-4096,0
0,-251,-251,0
0,-251,-17,0
0,-251,-16,0
0,-251,-1,0
0,-251,0,1
0,-251,1,0
0,-251,16,0
0,-251,17,0
0,-251,250,0
0,-251,4096,0
0,-251,100000,0
0,-251,1875000,0
0,-17,-1875000,0
0,-17,-100000,0
0,-17,-4096,0
0,-17,-251,0
0,-17,-17,0
0,-17,-16,0
0,-17,-1,0
0,-17,0,0
0,-17,1,0
0,-17,16,0
0,-17,17,1
0,-17,250,0
0,-17,4096,0
0,-17,100000,0
0,-17,1875000,0
0,-16,-1875000,0
0,-16,-100000,0
0,-16,-4096,0
0,-16,-251,0
0,-16,-17,0
0,-16,-16,0
0,-16,-1,0
0,-16,0,0
0,-16,1,0
0,-16,16,0
0,-16,17,1
0,-16,250,0
0,-16,4096,0
0,-16,100000,0
0,-16,1875000,0
0,-1,-1875000,0
0,-1,-100000,0
0,-1,-4096,0
0,-1,-251,0
0,-1,-17,0
0,-1,-16,0
0,-1,-1,0
0,-1,0,0
0,-1,1,0
0,-1,16,0
0,-1,17,0
0,-1,250,0
0,-1,4096,0
0,-1,100000,0
0,-1,1875000,0
0,0,-1875000,0
0,0,-100000,0
0,0,-4096,0
0,0,-251,0
0,0,-17,0
0,0,-16,0
0,0,-1,0
0,0,0,0
0,0,1,0
0,0,16,0
0,0,17,0
0,0,250,1
0,0,4096,0
0,0,100000,0
0,0,1875000,0
0,1,-1875000,0
0,1,-100000,0
0,1,-4096,0
0,1,-251,0
0,1,-17,0
0,1,-16,0
0,1,-1,0
0,1,0,0
0,1,1,0
0,1,16,0
0,1,17,1
0,1,250,0
0,1,4096,0
0,1,100000,0
0,1,1875000,0
0,16,-1875000,0
0,16,-100000,0
0,16,-4096,0
0,16,-251,1
0,16,-17,0
0,16,-16,1
0,16,-1,0
0,16,0,0
0,16,1,0
0,16,16,1
0,16,17,0
0,16,250,0
0,16,4096,0
0,16,100000,0
0,16,1875000,1
0,17,-1875000,0
0,17,-100000,0
0,17,-4096,0
0,17,-251,0
0,17,-17,1
0,17,-16,0
0,17,-1,0
0,17,0,0
0,17,1,0
0,17,16,0
0,17,17,0
0,17,250,0
0,17,4096,0
0,17,100000,0
0,17,1875000,1
0,250,-1875000,0
0,250,-100000,0
0,250,-4096,0
0,250,-251,0
0,250,-17,0
0,250,-16,0
0,250,-1,0
0,250,0,0
0,250,1,0
0,250,16,0
0,250,17,0
0,250,250,0
0,250,4096,0
0,250,100000,0
0,250,1875000,0
0,4096,-1875000,0
0,4096,-100000,0
0,4096,-4096,0
0,4096,-251,0
0,4096,-17,0
0,4096,-16,0
0,4096,-1,0
0,4096,0,0
0,4096,1,0
0,4096,16,0
0,4096,17,0
0,4096,250,0
0,4096,4096,0
0,4096,100000,1
0,4096,1875000,0
0,100000,-1875000,0
0,100000,-100000,1
0,100000,-4096,0
0,100000,-251,0
0,100000,-17,0
0,100000,-16,0
0,100000,-1,0
0,100000,0,0
0,100000,1,0
0,100000,16,0
0,100000,17,1
0,100000,250,0
0,100000,4096,0
0,100000,100000,0
0,100000,1875000,0
0,1875000,-1875000,0
0,1875000,-100000,1
0,1875000,-4096,0
0,1875000,-251,0
0,1875000,-17,0
0,1875000,-16,0
0,1875000,-1,0
0,1875000,0,0
0,1875000,1,0
0,1875000,16,0
0,1875000,17,0
0,1875000,250,1
0,1875000,4096,0
0,1875000,100000,0
0,1875000,1875000,0
1,-1875000,-1875000,0
1,-1875000,-100000,0
1,-1875000,-4096,0
1,-1875000,-251,0
1,-1875000,-17,0
1,-1875000,-16,0
1,-1875000,-1,0
1,-1875000,0,0
1,-1875000,1,0
1,-1875000,16,0
1,-1875000,17,0
1,-1875000,250,0
1,-1875000,4096,0
1,-1875000,100000,0
1,-1875000,1875000,0
1,-100000,-1875000,1
1,-100000,-100000,0
1,-100000,-4096,0
1,-100000,-251,1
1,-100000,-17,0
1,-100000,-16,0
1,-100000,-1,0
1,-100000,0,0
1,-100000,1,0
1,-100000,16,0
1,-100000,17,0
1,-100000,250,0
1,-100000,4096,0
1,-100000,100000,1
1,-100000,1875000,0
1,-4096,-1875000,0
1,-4096,-100000,0
1,-4096,-4096,0
1,-4096,-251,0
1,-4096,-17,0
1,-4096,-16,0
1,-4096,-1,0
1,-4096,0,0
1,-4096,1,0
1,-4096,16,0
1,-4096,17,0
1,-4096,250,0
1,-4096,4096,0
1,-4096,100000,0
1,-4096,1875000,0
1,-251,-1875000,0
1,-251,-100000,0
1,-251,-4096,0
1,-251,-251,0
1,-251,-17,0
1,-251,-16,0
1,-251,-1,1
1,-251,0,0
1,-251,1,0
1,-251,16,0
1,-251,17,0
1,-251,250,0
1,-251,4096,0
1,-251,100000,0
1,-251,1875000,0
1,-17,-1875000,0
1,-17,-100000,0
1,-17,-4096,1
1,-17,-251,0
1,-17,-17,0
1,-17,-16,0
1,-17,-1,0
1,-17,0,0
1,-17,1,0
1,-17,16,1
1,-17,17,0
1,-17,250,0
1,-17,4096,0
1,-17,100000,0
1,-17,1875000,0
1,-16,-1875000,1
1,-16,-100000,0
1,-16,-4096,0
1,-16,-251,0
1,-16,-17,0
1,-16,-16,0
1,-16,-1,0
1,-16,0,0
1,-16,1,0
1,-16,16,0
1,-16,17,0
1,-16,250,0
1,-16,4096,0
1,-16,100000,0
1,-16,1875000,0
1,-1,-1875000,1
1,-1,-100000,0
1,-1,-4096,0
1,-1,-251,0
1,-1,-17,0
1,-1,-16,0
1,-1,-1,0
1,-1,0,0
1,-1,1,0
1,-1,16,0
1,-1,17,0
1,-1,250,0
1,-1,4096,0
1,-1,100000,0
1,-1,1875000,0
1,0,-1875000,0
1,0,-100000,0
1,0,-4096,0
1,0,-251,0
1,0,-17,1
1,0,-16,0
1,0,-1,0
1,0,0,0
1,0,1,0
1,0,16,0
1,0,17,0
1,0,250,0
1,0,4096,0
1,0,100000,0
1,0,1875000,1
1,1,-1875000,0
1,1,-100000,0
1,1,-4096,0
1,1,-251,0
1,1,-17,0
1,1,-16,0
1,1,-1,0
1,1,0,0
1,1,1,0
1,1,16,0
1,1,17,0
1,1,250,0
1,1,4096,0
1,1,100000,0
1,1,1875000,0
1,16,-1875000,0
1,16,-100000,0
1,16,-4096,1
1,16,-251,0
1,16,-17,1
1,16,-16,0
1,16,-1,0
1,16,0,0
1,16,1,0
1,16,16,0
1,16,17,0
1,16,250,0
1,16,4096,0
1,16,100000,0
1,16,1875000,0
1,17,-1875000,0
1,17,-100000,0
1,17,-4096,0
1,17,-251,1
1,17,-17,0
1,17,-16,0
1,17,-1,0
1,17,0,0
1,17,1,0
1,17,16,0
1,17,17,0
1,17,250,0
1,17,4096,0
1,17,100000,1
1,17,1875000,0
1,250,-1875000,1
1,250,-100000,0
1,250,-4096,1
1,250,-251,0
1,250,-17,0
1,250,-16,0
1,250,-1,0
1,250,0,0
1,250,1,1
1,250,16,0
1,250,17,0
1,250,250,0
1,250,4096,0
1,250,100000,0
1,250,1875000,0
1,4096,-1875000,0
1,4096,-100000,0
1,4096,-4096,0
1,4096,-251,0
1,4096,-17,0
1,4096,-16,0
1,4096,-1,0
1,4096,0,0
1,4096,1,0
1,4096,16,0
1,4096,17,0
1,4096,250,0
1,4096,4096,0
1,4096,100000,0
1,4096,1875000,0
1,100000,-1875000,0
1,100000,-100000,0
1,100000,-4096,0
1,100000,-251,0
1,100000,-17,0
1,100000,-16,1
1,100000,-1,0
1,100000,0,0
1,100000,1,0
1,100000,16,0
1,100000,17,0
1,100000,250,0
1,100000,4096,0
1,100000,100000,0
1,100000,1875000,0
1,1875000,-1875000,0
1,1875000,-100000,0
1,1875000,-4096,0
1,1875000,-251,0
1,1875000,-17,0
1,1875000,-16,0
1,1875000,-1,0
1,1875000,0,0
1,1875000,1,0
1,1875000,16,0
1,1875000,17,0
1,1875000,250,0
1,1875000,4096,0
1,1875000,100000,0
1,1875000,1875000,0
-1,-1875000,-1875000,0
-1,-1875000,-100000,0
-1,-1875000,-4096,0
-1,-1875000,-251,0
-1,-1875000,-17,0
-1,-1875000,-16,0
-1,-1875000,-1,0
-1,-1875000,0,0
-1,-1875000,1,0
-1,-1875000,16,0
-1,-1875000,17,0
-1,-1875000,250,0
-1,-1875000,4096,0
-1,-1875000,100000,1
-1,-1875000,1875000,1
-1,-100000,-1875000,0
-1,-100000,-100000,0
-1,-100000,-4096,0
-1,-100000,-251,0
-1,-100000,-17,0
-1,-100000,-16,0
-1,-100000,-1,0
-1,-100000,0,1
-1,-100000,1,0
-1,-100000,16,0
-1,-100000,17,1
-1,-100000,250,0
-1,-100000,4096,0
-1,-100000,100000,0
-1,-100000,1875000,0
-1,-4096,-1875000,0
-1,-4096,-100000,0
-1,-4096,-4096,0
-1,-4096,-251,0
-1,-4096,-17,1
-1,-4096,-16,0
-1,-4096,-1,0
-1,-4096,0,1
-1,-4096,1,1
-1,-4096,16,0
-1,-4096,17,0
-1,-4096,250,0
-1,-4096,4096,0
-1,-4096,100000,0
-1,-4096,1875000,1
-1,-251,-1875000,1
-1,-251,-100000,0
-1,-251,-4096,0
-1,-251,-251,0
-1,-251,-17,0
-1,-251,-16,0
-1,-251,-1,0
-1,-251,0,0
-1,-251,1,0
-1,-251,16,0
-1,-251,17,0
-1,-251,250,0
-1,-251,4096,0
-1,-251,100000,0
-1,-251,1875000,0
-1,-17,-1875000,0
-1,-17,-100000,0
-1,-17,-4096,0
-1,-17,-251,0
-1,-17,-17,0
-1,-17,-16,0
-1,-17,-1,0
-1,-17,0,1
-1,-17,1,0
-1,-17,16,0
-1,-17,17,0
-1,-17,250,0
-1,-17,4096,0
-1,-17,100000,0
-1,-17,1875000,0
-1,-16,-1875000,0
-1,-16,-100000,0
-1,-16,-4096,0
-1,-16,-251,0
-1,-16,-17,1
-1,-16,-16,0
-1,-16,-1,0
-1,-16,0,0
-1,-16,1,0
-1,-16,16,1
-1,-16,17,0
-1,-16,250,1
-1,-16,4096,0
-1,-16,100000,0
-1,-16,1875000,0
-1,-1,-1875000,0
-1,-1,-100000,0
-1,-1,-4096,0
-1,-1,-251,0
-1,-1,-17,0
-1,-1,-16,0
-1,-1,-1,0
-1,-1,0,0
-1,-1,1,0
-1,-1,16,0
-1,-1,17,0
-1,-1,250,0
-1,-1,4096,0
-1,-1,100000,0
-1,-1,1875000,0
-1,0,-1875000,1
-1,0,-100000,0
-1,0,-4096,0
-1,0,-251,0
-1,0,-17,0
-1,0,-16,0
-1,0,-1,0
-1,0,0,0
-1,0,1,0
-1,0,16,0
-1,0,17,0
-1,0,250,0
-1,0,4096,0
-1,0,100000,0
-1,0,1875000,0
-1,1,-1875000,0
-1,1,-100000,0
-1,1,-4096,0
-1,1,-251,0
-1,1,-17,0
-1,1,-16,0
-1,1,-1,0
-1,1,0,0
-1,1,1,0
-1,1,16,0
-1,1,17,0
-1,1,250,0
-1,1,4096,1
-1,1,100000,0
-1,1,1875000,0
-1,16,-1875000,0
-1,16,-100000,0
-1,16,-4096,0
-1,16,-251,0
-1,16,-17,0
-1,16,-16,0
-1,16,-1,0
-1,16,0,0
-1,16,1,0
-1,16,16,1
-1,16,17,0
-1,16,250,0
-1,16,4096,0
-1,16,100000,0
-1,16,1875000,0
-1,17,-1875000,1
-1,17,-100000,1
-1,17,-4096,1
-1,17,-251,0
-1,17,-17,0
-1,17,-16,0
-1,17,-1,0
-1,17,0,0
-1,17,1,0
-1,17,16,0
-1,17,17,0
-1,17,250,0
-1,17,4096,0
-1,17,100000,0
-1,17,1875000,0
-1,250,-1875000,0
-1,250,-100000,0
-1,250,-4096,0
-1,250,-251,0
-1,250,-17,0
-1,250,-16,0
-1,250,-1,0
-1,250,0,0
-1,250,1,0
-1,250,16,0
-1,250,17,1
-1,250,250,0
-1,250,4096,0
-1,250,100000,0
-1,250,1875000,0
-1,4096,-1875000,0
-1,4096,-100000,0
-1,4096,-4096,0
-1,4096,-251,0
-1,4096,-17,0
-1,4096,-16,1
-1,4096,-1,1
-1,4096,0,0
-1,4096,1,0
-1,4096,16,0
-1,4096,17,0
-1,4096,250,0
-1,4096,4096,1
-1,4096,100000,1
-1,4096,1875000,0
-1,100000,-1875000,0
-1,100000,-100000,0
-1,100000,-4096,0
-1,100000,-251,0
-1,100000,-17,0
-1,100000,-16,0
-1,100000,-1,0
-1,100000,0,0
-1,100000,1,0
-1,100000,16,0
-1,100000,17,0
-1,100000,250,0
-1,100000,4096,0
-1,100000,100000,0
-1,100000,1875000,1
-1,1875000,-1875000,0
-1,1875000,-100000,0
-1,1875000,-4096,0
-1,1875000,-251,1
-1,1875000,-17,0
-1,1875000,-16,0
-1,1875000,-1,0
-1,1875000,0,1
-1,1875000,1,0
-1,1875000,16,0
-1,1875000,17,0
-1,1875000,250,0
-1,1875000,4096,0
-1,1875000,100000,0
-1,1875000,1875000,0
123456789,-1875000,-1875000,0
123456789,-1875000,-100000,0
123456789,-1875000,-4096,0
123456789,-1875000,-251,0
123456789,-1875000,-17,0
123456789,-1875000,-16,0
123456789,-1875000,-1,0
123456789,-1875000,0,0
123456789,-1875000,1,0
123456789,-1875000,16,0
123456789,-1875000,17,0
123456789,-1875000,250,0
123456789,-1875000,4096,1
123456789,-1875000,100000,0
123456789,-1875000,1875000,0
123456789,-100000,-1875000,0
123456789,-100000,-100000,0
123456789,-100000,-4096,0
123456789,-100000,-251,0
123456789,-100000,-17,0
123456789,-100000,-16,0
123456789,-100000,-1,0
123456789,-100000,0,0
123456789,-100000,1,0
123456789,-100000,16,0
123456789,-100000,17,0
123456789,-100000,250,0
123456789,-100000,4096,0
123456789,-100000,100000,0
123456789,-100000,1875000,1
123456789,-4096,-1875000,0
123456789,-4096,-100000,0
123456789,-4096,-4096,0
123456789,-4096,-251,0
123456789,-4096,-17,0
123456789,-4096,-16,0
123456789,-4096,-1,0
123456789,-4096,0,0
123456789,-4096,1,0
123456789,-4096,16,0
123456789,-4096,17,0
123456789,-4096,250,0
123456789,-4096,4096,0
123456789,-4096,100000,0
123456789,-4096,1875000,0
123456789,-251,-1875000,1
123456789,-251,-100000,0
123456789,-251,-4096,1
123456789,-251,-251,0
123456789,-251,-17,0
123456789,-251,-16,1
123456789,-251,-1,0
123456789,-251,0,0
123456789,-251,1,0
123456789,-251,16,0
123456789,-251,17,0
123456789,-251,250,0
123456789,-251,4096,1
123456789,-251,100000,0
123456789,-251,1875000,1
123456789,-17,-1875000,0
123456789,-17,-100000,0
123456789,-17,-4096,0
123456789,-17,-251,0
123456789,-17,-17,0
123456789,-17,-16,0
123456789,-17,-1,0
123456789,-17,0,0
123456789,-17,1,0
123456789,-17,16,0
123456789,-17,17,0
123456789,-17,250,0
123456789,-17,4096,0
123456789,-17,100000,0
123456789,-17,1875000,0
123456789,-16,-1875000,0
123456789,-16,-100000,0
123456789,-16,-4096,0
123456789,-16,-251,0
123456789,-16,-17,0
123456789,-16,-16,0
123456789,-16,-1,0
123456789,-16,0,0
123456789,-16,1,0
123456789,-16,16,0
123456789,-16,17,0
123456789,-16,250,0
123456789,-16,4096,0
123456789,-16,100000,0
123456789,-16,1875000,0
123456789,-1,-1875000,0
123456789,-1,-100000,1
123456789,-1,-4096,0
123456789,-1,-251,0
123456789,-1,-17,1
123456789,-1,-16,0
123456789,-1,-1,0
123456789,-1,0,0
123456789,-1,1,0
123456789,-1,16,0
123456789,-1,17,1
123456789,-1,250,0
123456789,-1,4096,0
123456789,-1,100000,0
123456789,-1,1875000,0
123456789,0,-1875000,0
123456789,0,-100000,0
123456789,0,-4096,0
123456789,0,-251,0
123456789,0,-17,0
123456789,0,-16,0
123456789,0,-1,0
123456789,0,0,0
123456789,0,1,1
123456789,0,16,0
123456789,0,17,1
123456789,0,250,0
123456789,0,4096,0
123456789,0,100000,0
123456789,0,1875000,0
123456789,1,-1875000,0
123456789,1,-100000,0
123456789,1,-4096,0
123456789,1,-251,0
123456789,1,-17,1
123456789,1,-16,0
123456789,1,-1,0
123456789,1,0,0
123456789,1,1,0
123456789,1,16,0
123456789,1,17,0
123456789,1,250,0
123456789,1,4096,0
123456789,1,100000,0
123456789,1,1875000,0
123456789,16,-1875000,0
123456789,16,-100000,0
123456789,16,-4096,0
123456789,16,-251,0
123456789,16,-17,0
123456789,16,-16,0
123456789,16,-1,0
123456789,16,0,0
123456789,16,1,0
123456789,16,16,0
123456789,16,17,0
123456789,16,250,1
123456789,16,4096,0
123456789,16,100000,0
123456789,16,1875000,0
123456789,17,-1875000,0
123456789,17,-100000,0
123456789,17,-4096,1
123456789,17,-251,0
123456789,17,-17,0
123456789,17,-16,0
123456789,17,-1,0
123456789,17,0,0
123456789,17,1,1
123456789,17,16,0
123456789,17,17,0
123456789,17,250,0
123456789,17,4096,0
123456789,17,100000,1
123456789,17,1875000,0
123456789,250,-1875000,0
123456789,250,-100000,0
123456789,250,-4096,0
123456789,250,-251,0
123456789,250,-17,0
123456789,250,-16,0
123456789,250,-1,0
123456789,250,0,0
123456789,250,1,0
123456789,250,16,0
123456789,250,17,1
123456789,250,250,0
123456789,250,4096,0
123456789,250,100000,0
123456789,250,1875000,0
123456789,4096,-1875000,0
123456789,4096,-100000,0
123456789,4096,-4096,0
123456789,4096,-251,0
123456789,4096,-17,0
123456789,4096,-16,0
123456789,4096,-1,0
123456789,4096,0,0
123456789,4096,1,0
123456789,4096,16,0
123456789,4096,17,0
123456789,4096,250,0
123456789,4096,4096,0
123456789,4096,100000,0
123456789,4096,1875000,0
123456789,100000,-1875000,0
123456789,100000,-100000,0
123456789,100000,-4096,1
123456789,100000,-251,0
123456789,100000,-17,0
123456789,100000,-16,1
123456789,100000,-1,0
123456789,100000,0,0
123456789,100000,1,0
123456789,100000,16,1
123456789,100000,17,0
123456789,100000,250,0
123456789,100000,4096,0
123456789,100000,100000,0
123456789,100000,1875000,0
123456789,1875000,-1875000,0
123456789,1875000,-100000,0
123456789,1875000,-4096,0
123456789,1875000,-251,0
123456789,1875000,-17,0
123456789,1875000,-16,0
123456789,1875000,-1,0
123456789,1875000,0,0
123456789,1875000,1,0
123456789,1875000,16,0
123456789,1875000,17,1
123456789,1875000,250,0
123456789,1875000,4096,0
123456789,1875000,100000,0
123456789,1875000,1875000,1
-9223372036854775808,-1875000,-1875000,0
-9223372036854775808,-1875000,-100000,0
-9223372036854775808,-1875000,-4096,0
-9223372036854775808,-1875000,-251,0
-9223372036854775808,-1875000,-17,1
-9223372036854775808,-1875000,-16,1
-9223372036854775808,-1875000,-1,0
-9223372036854775808,-1875000,0,0
-9223372036854775808,-1875000,1,0
-9223372036854775808,-1875000,16,0
-9223372036854775808,-1875000,17,1
-9223372036854775808,-1875000,250,0
-9223372036854775808,-1875000,4096,0
-9223372036854775808,-1875000,100000,0
-9223372036854775808,-1875000,1875000,1
-9223372036854775808,-100000,-1875000,0
-9223372036854775808,-100000,-100000,0
-9223372036854775808,-100000,-4096,0
-9223372036854775808,-100000,-251,0
-9223372036854775808,-100000,-17,0
-9223372036854775808,-100000,-16,0
-9223372036854775808,-100000,-1,0
-9223372036854775808,-100000,0,1
-9223372036854775808,-100000,1,0
-9223372036854775808,-100000,16,0
-9223372036854775808,-100000,17,0
-9223372036854775808,-100000,250,0
-9223372036854775808,-100000,4096,0
-9223372036854775808,-100000,100000,0
-9223372036854775808,-100000,1875000,0
-9223372036854775808,-4096,-1875000,0
-9223372036854775808,-4096,-100000,0
-9223372036854775808,-4096,-4096,0
-9223372036854775808,-4096,-251,0
-9223372036854775808,-4096,-17,0
-9223372036854775808,-4096,-16,0
-9223372036854775808,-4096,-1,0
-9223372036854775808,-4096,0,0
-9223372036854775808,-4096,1,0
-9223372036854775808,-4096,16,0
-9223372036854775808,-4096,17,0
-9223372036854775808,-4096,250,0
-9223372036854775808,-4096,4096,0
-9223372036854775808,-4096,100000,0
-9223372036854775808,-4096,1875000,0
-9223372036854775808,-251,-1875000,0
-9223372036854775808,-251,-100000,0
-9223372036854775808,-251,-4096,0
-9223372036854775808,-251,-251,0
-9223372036854775808,-251,-17,0
-9223372036854775808,-251,-16,0
-9223372036854775808,-251,-1,0
-9223372036854775808,-251,0,1
-9223372036854775808,-251,1,0
-9223372036854775808,-251,16,0
-9223372036854775808,-251,17,0
-9223372036854775808,-251,250,0
-9223372036854775808,-251,4096,0
-9223372036854775808,-251,100000,0
-9223372036854775808,-251,1875000,0
-9223372036854775808,-17,-1875000,0
-9223372036854775808,-17,-100000,0
-9223372036854775808,-17,-4096,0
-9223372036854775808,-17,-251,0
-9223372036854775808,-17,-17,0
-9223372036854775808,-17,-16,0
-9223372036854775808,-17,-1,0
-9223372036854775808,-17,0,0
-9223372036854775808,-17,1,0
-9223372036854775808,-17,16,0
-9223372036854775808,-17,17,1
-9223372036854775808,-17,250,0
-9223372036854775808,-17,4096,0
-9223372036854775808,-17,100000,0
-9223372036854775808,-17,1875000,0
-9223372036854775808,-16,-1875000,0
-9223372036854775808,-16,-100000,0
-9223372036854775808,-16,-4096,0
-9223372036854775808,-16,-251,0
-9223372036854775808,-16,-17,0
-9223372036854775808,-16,-16,0
-9223372036854775808,-16,-1,0
-9223372036854775808,-16,0,0
-9223372036854775808,-16,1,0
-9223372036854775808,-16,16,0
-9223372036854775808,-16,17,1
-9223372036854775808,-16,250,0
-9223372036854775808,-16,4096,0
-9223372036854775808,-16,100000,0
-9223372036854775808,-16,1875000,0
-9223372036854775808,-1,-1875000,0
-9223372036854775808,-1,-100000,0
-9223372036854775808,-1,-4096,0
-9223372036854775808,-1,-251,0
-9223372036854775808,-1,-17,0
-9223372036854775808,-1,-16,0
-9223372036854775808,-1,-1,0
-9223372036854775808,-1,0,0
-9223372036854775808,-1,1,0
-9223372036854775808,-1,16,0
-9223372036854775808,-1,17,0
-9223372036854775808,-1,250,0
-9223372036854775808,-1,4096,0
-9223372036854775808,-1,100000,0
-9223372036854775808,-1,1875000,0
-9223372036854775808,0,-1875000,0
-9223372036854775808,0,-100000,0
-9223372036854775808,0,-4096,0
-9223372036854775808,0,-251,0
-9223372036854775808,0,-17,0
-9223372036854775808,0,-16,0
-9223372036854775808,0,-1,0
-9223372036854775808,0,0,0
-9223372036854775808,0,1,0
-9223372036854775808,0,16,0
-9223372036854775808,0,17,0
-9223372036854775808,0,250,1
-9223372036854775808,0,4096,0
-9223372036854775808,0,100000,0
-9223372036854775808,0,1875000,0
-9223372036854775808,1,-1875000,0
-9223372036854775808,1,-100000,0
-9223372036854775808,1,-4096,0
-9223372036854775808,1,-251,0
-9223372036854775808,1,-17,0
-9223372036854775808,1,-16,0
-9223372036854775808,1,-1,0
-9223372036854775808,1,0,0
-9223372036854775808,1,1,0
-9223372036854775808,1,16,0
-9223372036854775808,1,17,1
-9223372036854775808,1,250,0
-9223372036854775808,1,4096,0
-9223372036854775808,1,100000,0
-9223372036854775808,1,1875000,0
-9223372036854775808,16,-1875000,0
-9223372036854775808,16,-100000,0
-9223372036854775808,16,-4096,0
-9223372036854775808,16,-251,1
-9223372036854775808,16,-17,0
-9223372036854775808,16,-16,1
-9223372036854775808,16,-1,0
-9223372036854775808,16,0,0
-9223372036854775808,16,1,0
-9223372036854775808,16,16,1
-9223372036854775808,16,17,0
-9223372036854775808,16,250,0
-9223372036854775808,16,4096,0
-9223372036854775808,16,100000,0
-9223372036854775808,16,1875000,1
-9223372036854775808,17,-1875000,0
-9223372036854775808,17,-100000,0
-9223372036854775808,17,-4096,0
-9223372036854775808,17,-251,0
-9223372036854775808,17,-17,1
-9223372036854775808,17,-16,0
-9223372036854775808,17,-1,0
-9223372036854775808,17,0,0
-9223372036854775808,17,1,0
-9223372036854775808,17,16,0
-9223372036854775808,17,17,0
-9223372036854775808,17,250,0
-9223372036854775808,17,4096,0
-9223372036854775808,17,100000,0
-9223372036854775808,17,1875000,1
-9223372036854775808,250,-1875000,0
-9223372036854775808,250,-100000,0
-9223372036854775808,250,-4096,0
-9223372036854775808,250,-251,0
-9223372036854775808,250,-17,0
-9223372036854775808,250,-16,0
-9223372036854775808,250,-1,0
-9223372036854775808,250,0,0
-9223372036854775808,250,1,0
-9223372036854775808,250,16,0
-9223372036854775808,250,17,0
-9223372036854775808,250,250,0
-9223372036854775808,250,4096,0
-9223372036854775808,250,100000,0
-9223372036854775808,250,1875000,0
-9223372036854775808,4096,-1875000,0
-9223372036854775808,4096,-100000,0
-9223372036854775808,4096,-4096,0
-9223372036854775808,4096,-251,0
-9223372036854775808,4096,-17,0
-9223372036854775808,4096,-16,0
-9223372036854775808,4096,-1,0
-9223372036854775808,4096,0,0
-9223372036854775808,4096,1,0
-9223372036854775808,4096,16,0
-9223372036854775808,4096,17,0
-9223372036854775808,4096,250,0
-9223372036854775808,4096,4096,0
-9223372036854775808,4096,100000,1
-9223372036854775808,4096,1875000,0
-9223372036854775808,100000,-1875000,0
-9223372036854775808,100000,-100000,1
-9223372036854775808,100000,-4096,0
-9223372036854775808,100000,-251,0
-9223372036854775808,100000,-17,0
-9223372036854775808,100000,-16,0
-9223372036854775808,100000,-1,0
-9223372036854775808,100000,0,0
-9223372036854775808,100000,1,0
-9223372036854775808,100000,16,0
-9223372036854775808,100000,17,1
-9223372036854775808,100000,250,0
-9223372036854775808,100000,4096,0
-9223372036854775808,100000,100000,0
-9223372036854775808,100000,1875000,0
-9223372036854775808,1875000,-1875000,0
-9223372036854775808,1875000,-100000,1
-9223372036854775808,1875000,-4096,0
-9223372036854775808,1875000,-251,0
-9223372036854775808,1875000,-17,0
-9223372036854775808,1875000,-16,0
-9223372036854775808,1875000,-1,0
-9223372036854775808,1875000,0,0
-9223372036854775808,1875000,1,0
-9223372036854775808,1875000,16,0
-9223372036854775808,1875000,17,0
-9223372036854775808,1875000,250,1
-9223372036854775808,1875000,4096,0
-9223372036854775808,1875000,100000,0
-9223372036854775808,1875000,1875000,0
9223372036854775807,-1875000,-1875000,0
9223372036854775807,-1875000,-100000,0
9223372036854775807,-1875000,-4096,0
9223372036854775807,-1875000,-251,0
9223372036854775807,-1875000,-17,0
9223372036854775807,-1875000,-16,0
9223372036854775807,-1875000,-1,0
9223372036854775807,-1875000,0,0
9223372036854775807,-1875000,1,0
9223372036854775807,-1875000,16,0
9223372036854775807,-1875000,17,0
9223372036854775807,-1875000,250,0
9223372036854775807,-1875000,4096,0
9223372036854775807,-1875000,100000,1
9223372036854775807,-1875000,1875000,1
9223372036854775807,-100000,-1875000,0
9223372036854775807,-100000,-100000,0
9223372036854775807,-100000,-4096,0
9223372036854775807,-100000,-251,0
9223372036854775807,-100000,-17,0
9223372036854775807,-100000,-16,0
9223372036854775807,-100000,-1,0
9223372036854775807,-100000,0,1
9223372036854775807,-100000,1,0
9223372036854775807,-100000,16,0
9223372036854775807,-100000,17,1
9223372036854775807,-100000,250,0
9223372036854775807,-100000,4096,0
9223372036854775807,-100000,100000,0
9223372036854775807,-100000,1875000,0
9223372036854775807,-4096,-1875000,0
9223372036854775807,-4096,-100000,0
9223372036854775807,-4096,-4096,0
9223372036854775807,-4096,-251,0
9223372036854775807,-4096,-17,1
9223372036854775807,-4096,-16,0
9223372036854775807,-4096,-1,0
9223372036854775807,-4096,0,1
9223372036854775807,-4096,1,1
9223372036854775807,-4096,16,0
9223372036854775807,-4096,17,0
9223372036854775807,-4096,250,0
9223372036854775807,-4096,4096,0
9223372036854775807,-4096,100000,0
9223372036854775807,-4096,1875000,1
9223372036854775807,-251,-1875000,1
9223372036854775807,-251,-100000,0
9223372036854775807,-251,-4096,0
9223372036854775807,-251,-251,0
9223372036854775807,-251,-17,0
9223372036854775807,-251,-16,0
9223372036854775807,-251,-1,0
9223372036854775807,-251,0,0
9223372036854775807,-251,1,0
9223372036854775807,-251,16,0
9223372036854775807,-251,17,0
9223372036854775807,-251,250,0
9223372036854775807,-251,4096,0
9223372036854775807,-251,100000,0
9223372036854775807,-251,1875000,0
9223372036854775807,-17,-1875000,0
9223372036854775807,-17,-100000,0
9223372036854775807,-17,-4096,0
9223372036854775807,-17,-251,0
9223372036854775807,-17,-17,0
9223372036854775807,-17,-16,0
9223372036854775807,-17,-1,0
9223372036854775807,-17,0,1
9223372036854775807,-17,1,0
9223372036854775807,-17,16,0
9223372036854775807,-17,17,0
9223372036854775807,-17,250,0
9223372036854775807,-17,4096,0
9223372036854775807,-17,100000,0
9223372036854775807,-17,1875000,0
9223372036854775807,-16,-1875000,0
9223372036854775807,-16,-100000,0
9223372036854775807,-16,-4096,0
9223372036854775807,-16,-251,0
9223372036854775807,-16,-17,1
9223372036854775807,-16,-16,0
9223372036854775807,-16,-1,0
9223372036854775807,-16,0,0
9223372036854775807,-16,1,0
9223372036854775807,-16,16,1
9223372036854775807,-16,17,0
9223372036854775807,-16,250,1
9223372036854775807,-16,4096,0
9223372036854775807,-16,100000,0
9223372036854775807,-16,1875000,0
9223372036854775807,-1,-1875000,0
9223372036854775807,-1,-100000,0
9223372036854775807,-1,-4096,0
9223372036854775807,-1,-251,0
9223372036854775807,-1,-17,0
9223372036854775807,-1,-16,0
9223372036854775807,-1,-1,0
9223372036854775807,-1,0,0
9223372036854775807,-1,1,0
9223372036854775807,-1,16,0
9223372036854775807,-1,17,0
9223372036854775807,-1,250,0
9223372036854775807,-1,4096,0
9223372036854775807,-1,100000,0
9223372036854775807,-1,1875000,0
9223372036854775807,0,-1875000,1
9223372036854775807,0,-100000,0
9223372036854775807,0,-4096,0
9223372036854775807,0,-251,0
9223372036854775807,0,-17,0
9223372036854775807,0,-16,0
9223372036854775807,0,-1,0
9223372036854775807,0,0,0
9223372036854775807,0,1,0
9223372036854775807,0,16,0
9223372036854775807,0,17,0
9223372036854775807,0,250,0
9223372036854775807,0,4096,0
9223372036854775807,0,100000,0
9223372036854775807,0,1875000,0
9223372036854775807,1,-1875000,0
9223372036854775807,1,-100000,0
9223372036854775807,1,-4096,0
9223372036854775807,1,-251,0
9223372036854775807,1,-17,0
9223372036854775807,1,-16,0
9223372036854775807,1,-1,0
9223372036854775807,1,0,0
9223372036854775807,1,1,0
9223372036854775807,1,16,0
9223372036854775807,1,17,0
9223372036854775807,1,250,0
9223372036854775807,1,4096,1
9223372036854775807,1,100000,0
9223372036854775807,1,1875000,0
9223372036854775807,16,-1875000,0
9223372036854775807,16,-100000,0
9223372036854775807,16,-4096,0
9223372036854775807,16,-251,0
9223372036854775807,16,-17,0
9223372036854775807,16,-16,0
9223372036854775807,16,-1,0
9223372036854775807,16,0,0
9223372036854775807,16,1,0
9223372036854775807,16,16,1
9223372036854775807,16,17,0
9223372036854775807,16,250,0
9223372036854775807,16,4096,0
9223372036854775807,16,100000,0
9223372036854775807,16,1875000,0
9223372036854775807,17,-1875000,1
9223372036854775807,17,-100000,1
9223372036854775807,17,-4096,1
9223372036854775807,17,-251,0
9223372036854775807,17,-17,0
9223372036854775807,17,-16,0
9223372036854775807,17,-1,0
9223372036854775807,17,0,0
9223372036854775807,17,1,0
9223372036854775807,17,16,0
9223372036854775807,17,17,0
9223372036854775807,17,250,0
9223372036854775807,17,4096,0
9223372036854775807,17,100000,0
9223372036854775807,17,1875000,0
9223372036854775807,250,-1875000,0
9223372036854775807,250,-100000,0
9223372036854775807,250,-4096,0
9223372036854775807,250,-251,0
9223372036854775807,250,-17,0
9223372036854775807,250,-16,0
9223372036854775807,250,-1,0
9223372036854775807,250,0,0
9223372036854775807,250,1,0
9223372036854775807,250,16,0
9223372036854775807,250,17,1
9223372036854775807,250,250,0
9223372036854775807,250,4096,0
9223372036854775807,250,100000,0
9223372036854775807,250,1875000,0
9223372036854775807,4096,-1875000,0
9223372036854775807,4096,-100000,0
9223372036854775807,4096,-4096,0
9223372036854775807,4096,-251,0
9223372036854775807,4096,-17,0
9223372036854775807,4096,-16,1
9223372036854775807,4096,-1,1
9223372036854775807,4096,0,0
9223372036854775807,4096,1,0
9223372036854775807,4096,16,0
9223372036854775807,4096,17,0
9223372036854775807,4096,250,0
9223372036854775807,4096,4096,1
9223372036854775807,4096,100000,1
9223372036854775807,4096,1875000,0
9223372036854775807,100000,-1875000,0
9223372036854775807,100000,-100000,0
9223372036854775807,100000,-4096,0
9223372036854775807,100000,-251,0
9223372036854775807,100000,-17,0
9223372036854775807,100000,-16,0
9223372036854775807,100000,-1,0
9223372036854775807,100000,0,0
9223372036854775807,100000,1,0
9223372036854775807,100000,16,0
9223372036854775807,100000,17,0
9223372036854775807,100000,250,0
9223372036854775807,100000,4096,0
9223372036854775807,100000,100000,0
9223372036854775807,100000,1875000,1
9223372036854775807,1875000,-1875000,0
9223372036854775807,1875000,-100000,0
9223372036854775807,1875000,-4096,0
9223372036854775807,1875000,-251,1
9223372036854775807,1875000,-17,0
9223372036854775807,1875000,-16,0
9223372036854775807,1875000,-1,0
9223372036854775807,1875000,0,1
9223372036854775807,1875000,1,0
9223372036854775807,1875000,16,0
9223372036854775807,1875000,17,0
9223372036854775807,1875000,250,0
9223372036854775807,1875000,4096,0
9223372036854775807,1875000,100000,0
9223372036854775807,1875000,1875000,0
9007199254740993,-1875000,-1875000,0
9007199254740993,-1875000,-100000,0
9007199254740993,-1875000,-4096,0
9007199254740993,-1875000,-251,0
9007199254740993,-1875000,-17,0
9007199254740993,-1875000,-16,0
9007199254740993,-1875000,-1,0
9007199254740993,-1875000,0,0
9007199254740993,-1875000,1,0
9007199254740993,-1875000,16,0
9007199254740993,-1875000,17,0
9007199254740993,-1875000,250,0
9007199254740993,-1875000,4096,0
9007199254740993,-1875000,100000,0
9007199254740993,-1875000,1875000,0
9007199254740993,-100000,-1875000,1
9007199254740993,-100000,-100000,0
9007199254740993,-100000,-4096,0
9007199254740993,-100000,-251,1
9007199254740993,-100000,-17,0
9007199254740993,-100000,-16,0
9007199254740993,-100000,-1,0
9007199254740993,-100000,0,0
9007199254740993,-100000,1,0
9007199254740993,-100000,16,0
9007199254740993,-100000,17,0
9007199254740993,-100000,250,0
9007199254740993,-100000,4096,0
9007199254740993,-100000,100000,1
9007199254740993,-100000,1875000,0
9007199254740993,-4096,-1875000,0
9007199254740993,-4096,-100000,0
9007199254740993,-4096,-4096,0
9007199254740993,-4096,-251,0
9007199254740993,-4096,-17,0
9007199254740993,-4096,-16,0
9007199254740993,-4096,-1,0
9007199254740993,-4096,0,0
9007199254740993,-4096,1,0
9007199254740993,-4096,16,0
9007199254740993,-4096,17,0
9007199254740993,-4096,250,0
9007199254740993,-4096,4096,0
9007199254740993,-4096,100000,0
9007199254740993,-4096,1875000,0
9007199254740993,-251,-1875000,0
9007199254740993,-251,-100000,0
9007199254740993,-251,-4096,0
9007199254740993,-251,-251,0
9007199254740993,-251,-17,0
9007199254740993,-251,-16,0
9007199254740993,-251,-1,1
9007199254740993,-251,0,0
9007199254740993,-251,1,0
9007199254740993,-251,16,0
9007199254740993,-251,17,0
9007199254740993,-251,250,0
9007199254740993,-251,4096,0
9007199254740993,-251,100000,0
9007199254740993,-251,1875000,0
9007199254740993,-17,-1875000,0
9007199254740993,-17,-100000,0
9007199254740993,-17,-4096,1
9007199254740993,-17,-251,0
9007199254740993,-17,-17,0
9007199254740993,-17,-16,0
9007199254740993,-17,-1,0
9007199254740993,-17,0,0
9007199254740993,-17,1,0
9007199254740993,-17,16,1
9007199254740993,-17,17,0
9007199254740993,-17,250,0
9007199254740993,-17,4096,0
9007199254740993,-17,100000,0
9007199254740993,-17,1875000,0
9007199254740993,-16,-1875000,1
9007199254740993,-16,-100000,0
9007199254740993,-16,-4096,0
9007199254740993,-16,-251,0
9007199254740993,-16,-17,0
9007199254740993,-16,-16,0
9007199254740993,-16,-1,0
9007199254740993,-16,0,0
9007199254740993,-16,1,0
9007199254740993,-16,16,0
9007199254740993,-16,17,0
9007199254740993,-16,250,0
9007199254740993,-16,4096,0
9007199254740993,-16,100000,0
9007199254740993,-16,1875000,0
9007199254740993,-1,-1875000,1
9007199254740993,-1,-100000,0
9007199254740993,-1,-4096,0
9007199254740993,-1,-251,0
9007199254740993,-1,-17,0
9007199254740993,-1,-16,0
9007199254740993,-1,-1,0
9007199254740993,-1,0,0
9007199254740993,-1,1,0
9007199254740993,-1,16,0
9007199254740993,-1,17,0
9007199254740993,-1,250,0
9007199254740993,-1,4096,0
9007199254740993,-1,100000,0
9007199254740993,-1,1875000,0
9007199254740993,0,-1875000,0
9007199254740993,0,-100000,0
9007199254740993,0,-4096,0
9007199254740993,0,-251,0
9007199254740993,0,-17,1
9007199254740993,0,-16,0
9007199254740993,0,-1,0
9007199254740993,0,0,0
9007199254740993,0,1,0
9007199254740993,0,16,0
9007199254740993,0,17,0
9007199254740993,0,250,0
9007199254740993,0,4096,0
9007199254740993,0,100000,0
9007199254740993,0,1875000,1
9007199254740993,1,-1875000,0
9007199254740993,1,-100000,0
9007199254740993,1,-4096,0
9007199254740993,1,-251,0
9007199254740993,1,-17,0
9007199254740993,1,-16,0
9007199254740993,1,-1,0
9007199254740993,1,0,0
9007199254740993,1,1,0
9007199254740993,1,16,0
9007199254740993,1,17,0
9007199254740993,1,250,0
9007199254740993,1,4096,0
9007199254740993,1,100000,0
9007199254740993,1,1875000,0
9007199254740993,16,-1875000,0
9007199254740993,16,-100000,0
9007199254740993,16,-4096,1
9007199254740993,16,-251,0
9007199254740993,16,-17,1
9007199254740993,16,-16,0
9007199254740993,16,-1,0
9007199254740993,16,0,0
9007199254740993,16,1,0
9007199254740993,16,16,0
9007199254740993,16,17,0
9007199254740993,16,250,0
9007199254740993,16,4096,0
9007199254740993,16,100000,0
9007199254740993,16,1875000,0
9007199254740993,17,-1875000,0
9007199254740993,17,-100000,0
9007199254740993,17,-4096,0
9007199254740993,17,-251,1
9007199254740993,17,-17,0
9007199254740993,17,-16,0
9007199254740993,17,-1,0
9007199254740993,17,0,0
9007199254740993,17,1,0
9007199254740993,17,16,0
9007199254740993,17,17,0
9007199254740993,17,250,0
9007199254740993,17,4096,0
9007199254740993,17,100000,1
9007199254740993,17,1875000,0
9007199254740993,250,-1875000,1
9007199254740993,250,-100000,0
9007199254740993,250,-4096,1
9007199254740993,250,-251,0
9007199254740993,250,-17,0
9007199254740993,250,-16,0
9007199254740993,250,-1,0
9007199254740993,250,0,0
9007199254740993,250,1,1
9007199254740993,250,16,0
9007199254740993,250,17,0
9007199254740993,250,250,0
9007199254740993,250,4096,0
9007199254740993,250,100000,0
9007199254740993,250,1875000,0
9007199254740993,4096,-1875000,0
9007199254740993,4096,-100000,0
9007199254740993,4096,-4096,0
9007199254740993,4096,-251,0
9007199254740993,4096,-17,0
9007199254740993,4096,-16,0
9007199254740993,4096,-1,0
9007199254740993,4096,0,0
9007199254740993,4096,1,0
9007199254740993,4096,16,0
9007199254740993,4096,17,0
9007199254740993,4096,250,0
9007199254740993,4096,4096,0
9007199254740993,4096,100000,0
9007199254740993,4096,1875000,0
9007199254740993,100000,-1875000,0
9007199254740993,100000,-100000,0
9007199254740993,100000,-4096,0
9007199254740993,100000,-251,0
9007199254740993,100000,-17,0
9007199254740993,100000,-16,1
9007199254740993,100000,-1,0
9007199254740993,100000,0,0
9007199254740993,100000,1,0
9007199254740993,100000,16,0
9007199254740993,100000,17,0
9007199254740993,100000,250,0
9007199254740993,100000,4096,0
9007199254740993,100000,100000,0
9007199254740993,100000,1875000,0
9007199254740993,1875000,-1875000,0
9007199254740993,1875000,-100000,0
9007199254740993,1875000,-4096,0
9007199254740993,1875000,-251,0
9007199254740993,1875000,-17,0
9007199254740993,1875000,-16,0
9007199254740993,1875000,-1,0
9007199254740993,1875000,0,0
9007199254740993,1875000,1,0
9007199254740993,1875000,16,0
9007199254740993,1875000,17,0
9007199254740993,1875000,250,0
9007199254740993,1875000,4096,0
9007199254740993,1875000,100000,0
9007199254740993,1875000,1875000,0
-9007199254740993,-1875000,-1875000,0
-9007199254740993,-1875000,-100000,0
-9007199254740993,-1875000,-4096,0
-9007199254740993,-1875000,-251,0
-9007199254740993,-1875000,-17,0
-9007199254740993,-1875000,-16,0
-9007199254740993,-1875000,-1,0
-9007199254740993,-1875000,0,0
-9007199254740993,-1875000,1,0
-9007199254740993,-1875000,16,0
-9007199254740993,-1875000,17,0
-9007199254740993,-1875000,250,0
-9007199254740993,-1875000,4096,0
-9007199254740993,-1875000,100000,1
-9007199254740993,-1875000,1875000,1
-9007199254740993,-100000,-1875000,0
-9007199254740993,-100000,-100000,0
-9007199254740993,-100000,-4096,0
-9007199254740993,-100000,-251,0
-9007199254740993,-100000,-17,0
-9007199254740993,-100000,-16,0
-9007199254740993,-100000,-1,0
-9007199254740993,-100000,0,1
-9007199254740993,-100000,1,0
-9007199254740993,-100000,16,0
-9007199254740993,-100000,17,1
-9007199254740993,-100000,250,0
-9007199254740993,-100000,4096,0
-9007199254740993,-100000,100000,0
-9007199254740993,-100000,1875000,0
-9007199254740993,-4096,-1875000,0
-9007199254740993,-4096,-100000,0
-9007199254740993,-4096,-4096,0
-9007199254740993,-4096,-251,0
-9007199254740993,-4096,-17,1
-9007199254740993,-4096,-16,0
-9007199254740993,-4096,-1,0
-9007199254740993,-4096,0,1
-9007199254740993,-4096,1,1
-9007199254740993,-4096,16,0
-9007199254740993,-4096,17,0
-9007199254740993,-4096,250,0
-9007199254740993,-4096,4096,0
-9007199254740993,-4096,100000,0
-9007199254740993,-4096,1875000,1
-9007199254740993,-251,-1875000,1
-9007199254740993,-251,-100000,0
-9007199254740993,-251,-4096,0
-9007199254740993,-251,-251,0
-9007199254740993,-251,-17,0
-9007199254740993,-251,-16,0
-9007199254740993,-251,-1,0
-9007199254740993,-251,0,0
-9007199254740993,-251,1,0
-9007199254740993,-251,16,0
-9007199254740993,-251,17,0
-9007199254740993,-251,250,0
-9007199254740993,-251,4096,0
-9007199254740993,-251,100000,0
-9007199254740993,-251,1875000,0
-9007199254740993,-17,-1875000,0
-9007199254740993,-17,-100000,0
-9007199254740993,-17,-4096,0
-9007199254740993,-17,-251,0
-9007199254740993,-17,-17,0
-9007199254740993,-17,-16,0
-9007199254740993,-17,-1,0
-9007199254740993,-17,0,1
-9007199254740993,-17,1,0
-9007199254740993,-17,16,0
-9007199254740993,-17,17,0
-9007199254740993,-17,250,0
-9007199254740993,-17,4096,0
-9007199254740993,-17,100000,0
-9007199254740993,-17,1875000,0
-9007199254740993,-16,-1875000,0
-9007199254740993,-16,-100000,0
-9007199254740993,-16,-4096,0
-9007199254740993,-16,-251,0
-9007199254740993,-16,-17,1
-9007199254740993,-16,-16,0
-9007199254740993,-16,-1,0
-9007199254740993,-16,0,0
-9007199254740993,-16,1,0
-9007199254740993,-16,16,1
-9007199254740993,-16,17,0
-9007199254740993,-16,250,1
-9007199254740993,-16,4096,0
-9007199254740993,-16,100000,0
-9007199254740993,-16,1875000,0
-9007199254740993,-1,-1875000,0
-9007199254740993,-1,-100000,0
-9007199254740993,-1,-4096,0
-9007199254740993,-1,-251,0
-9007199254740993,-1,-17,0
-9007199254740993,-1,-16,0
-9007199254740993,-1,-1,0
-9007199254740993,-1,0,0
-9007199254740993,-1,1,0
-9007199254740993,-1,16,0
-9007199254740993,-1,17,0
-9007199254740993,-1,250,0
-9007199254740993,-1,4096,0
-9007199254740993,-1,100000,0
-9007199254740993,-1,1875000,0
-9007199254740993,0,-1875000,1
-9007199254740993,0,-100000,0
-9007199254740993,0,-4096,0
-9007199254740993,0,-251,0
-9007199254740993,0,-17,0
-9007199254740993,0,-16,0
-9007199254740993,0,-1,0
-9007199254740993,0,0,0
-9007199254740993,0,1,0
-9007199254740993,0,16,0
-9007199254740993,0,17,0
-9007199254740993,0,250,0
-9007199254740993,0,4096,0
-9007199254740993,0,100000,0
-9007199254740993,0,1875000,0
-9007199254740993,1,-1875000,0
-9007199254740993,1,-100000,0
-9007199254740993,1,-4096,0
-9007199254740993,1,-251,0
-9007199254740993,1,-17,0
-9007199254740993,1,-16,0
-9007199254740993,1,-1,0
-9007199254740993,1,0,0
-9007199254740993,1,1,0
-9007199254740993,1,16,0
-9007199254740993,1,17,0
-9007199254740993,1,250,0
-9007199254740993,1,4096,1
-9007199254740993,1,100000,0
-9007199254740993,1,1875000,0
-9007199254740993,16,-1875000,0
-9007199254740993,16,-100000,0
-9007199254740993,16,-4096,0
-9007199254740993,16,-251,0
-9007199254740993,16,-17,0
-9007199254740993,16,-16,0
-9007199254740993,16,-1,0
-9007199254740993,16,0,0
-9007199254740993,16,1,0
-9007199254740993,16,16,1
-9007199254740993,16,17,0
-9007199254740993,16,250,0
-9007199254740993,16,4096,0
-9007199254740993,16,100000,0
-9007199254740993,16,1875000,0
-9007199254740993,17,-1875000,1
-9007199254740993,17,-100000,1
-9007199254740993,17,-4096,1
-9007199254740993,17,-251,0
-9007199254740993,17,-17,0
-9007199254740993,17,-16,0
-9007199254740993,17,-1,0
-9007199254740993,17,0,0
-9007199254740993,17,1,0
-9007199254740993,17,16,0
-9007199254740993,17,17,0
-9007199254740993,17,250,0
-9007199254740993,17,4096,0
-9007199254740993,17,100000,0
-9007199254740993,17,1875000,0
-9007199254740993,250,-1875000,0
-9007199254740993,250,-100000,0
-9007199254740993,250,-4096,0
-9007199254740993,250,-251,0
-9007199254740993,250,-17,0
-9007199254740993,250,-16,0
-9007199254740993,250,-1,0
-9007199254740993,250,0,0
-9007199254740993,250,1,0
-9007199254740993,250,16,0
-9007199254740993,250,17,1
-9007199254740993,250,250,0
-9007199254740993,250,4096,0
-9007199254740993,250,100000,0
-9007199254740993,250,1875000,0
-9007199254740993,4096,-1875000,0
-9007199254740993,4096,-100000,0
-9007199254740993,4096,-4096,0
-9007199254740993,4096,-251,0
-9007199254740993,4096,-17,0
-9007199254740993,4096,-16,1
-9007199254740993,4096,-1,1
-9007199254740993,4096,0,0
-9007199254740993,4096,1,0
-9007199254740993,4096,16,0
-9007199254740993,4096,17,0
-9007199254740993,4096,250,0
-9007199254740993,4096,4096,1
-9007199254740993,4096,100000,1
-9007199254740993,4096,1875000,0
-9007199254740993,100000,-1875000,0
-9007199254740993,100000,-100000,0
-9007199254740993,100000,-4096,0
-9007199254740993,100000,-251,0
-9007199254740993,100000,-17,0
-9007199254740993,100000,-16,0
-9007199254740993,100000,-1,0
-9007199254740993,100000,0,0
-9007199254740993,100000,1,0
-9007199254740993,100000,16,0
-9007199254740993,100000,17,0
-9007199254740993,100000,250,0
-9007199254740993,100000,4096,0
-9007199254740993,100000,100000,0
-9007199254740993,100000,1875000,1
-9007199254740993,1875000,-1875000,0
-9007199254740993,1875000,-100000,0
-9007199254740993,1875000,-4096,0
-9007199254740993,1875000,-251,1
-9007199254740993,1875000,-17,0
-9007199254740993,1875000,-16,0
-9007199254740993,1875000,-1,0
-9007199254740993,1875000,0,1
-9007199254740993,1875000,1,0
-9007199254740993,1875000,16,0
-9007199254740993,1875000,17,0
-9007199254740993,1875000,250,0
-9007199254740993,1875000,4096,0
-9007199254740993,1875000,100000,0
-9007199254740993,1875000,1875000,0
4458033178079614494,244000,-1477539,0
-468101138450492477,1707347,-1013094,0
-4263316731027412285,1383369,1362792,0
-1716228237225327139,442737,-1652397,0
-7574973961922434410,1390503,167481,0
1273708310417258333,-1415884,-10833,0
-1595892099384958993,-993517,1862302,0
-8811737248413316100,1683851,-421880,0
6488157559171480586,-572095,-289763,0
-2755224829128288102,1659662,-929443,0
-1912890873360527480,1848426,280294,0
4202670485775623095,11803,-445857,0
-6103173578480463123,1596777,-1009309,0
-6200326003490703878,1186682,562650,0
2281283351548821280,138972,15360,0
-3116539690291152210,-780653,1454998,0
-7306701977300978195,1229345,-1380209,0
5343941312451670080,1680076,1759226,0
673788153564068486,1266246,-484766,0
-9056494967895922494,758237,-1077690,0
1099959026943015422,-171886,1408125,0
-3512603318325978517,44802,-464820,0
1414295744526164941,258442,-1011555,0
4450360163425943573,352002,479637,1
-8026854653326618033,570357,444727,0
8409325224028899774,487690,1644719,0
8565557627348583236,487331,-944378,0
-3098141767289365241,315140,905070,0
-6867752166513467310,-1238860,-424168,0
8627207758919755192,281994,1413122,0
2198708067410859902,1449325,1241773,0
3089221722819311162,108301,-184195,0
-7036210911474711625,1255950,1747918,0
4096550592071415835,-395758,1240391,0
5656864315127440715,-995605,510037,1
-7366462156694049650,695167,-1774024,0
7160917239811385968,824077,-844416,0
2950361406852250856,1007583,75711,0
-2919126030862825539,1051682,-270203,0
-7182695803306550492,1472155,642106,0
1434405960895094958,1046135,-498266,0
5094313811046740576,1759651,-201349,1
-1248187654145277917,1581314,1135772,0
2373516445326944094,1595102,-1314036,0
-3167765520735313695,-1261634,-1566375,0
3571144513421601028,-1700101,-1402348,1
-113012051051641329,1089752,1149438,0
3269706175505797340,-500557,169202,0
6386976602321314747,-88223,38432,1
1666257081675174805,-315565,-1362153,0
327198589215053651,56636,-257481,0
-5245602377098706560,1196524,427949,0
-8622507938232881108,962568,402672,0
-2039878073411820,684069,-1484326,0
5996065045294811135,-271099,-696939,0
-3008118009292055190,1117132,-959726,0
-6790388783807616153,-71932,1330660,0
4681173957626206913,212853,-763019,1
-3908604285305597340,1749373,-1617652,0
-5330361728913648901,-1542009,-1459952,0
-7210364205431887654,-1686118,163267,0
1584661686351042591,1689738,-1046281,0
-2739313644672375021,1171771,1016991,0
-1511399818087273771,615409,-660680,0
-5339887862256354759,-1749730,1584443,0
-6112521198521406739,107534,458281,0
-1203824738948612899,-812205,-1415552,0
1229785340410353624,217144,1637415,0
7675536119095115635,508884,-944716,0
1837837160975720749,-282783,1526722,0
898882522774020307,-1184103,-206749,0
-2915885706079533274,858252,-635803,0
4435704502157276858,663258,1128444,1
2016240957496871712,-1589024,-1631646,0
-5389341956829460921,1389737,-1759219,0
-2263739867703316449,-164915,-1653495,0
1646345811010440318,-1118130,1811900,0
-9069376452045698233,1436659,-1400847,0
8666342349377410760,1782836,-567793,0
1751799469553034340,68534,-1077109,0
2359980122660744049,645623,514156,0
-6551981647240468893,-714523,1403347,0
-5805051339794496983,-831008,-798126,1
7555830066324004823,-1696979,-1367421,0
6830245065776794756,187797,1422911,0
7199679739297190773,1194873,59101,0
5339991625912782458,-1371999,1604595,0
-1117790085916288872,-1766119,-885440,0
8176706197538670311,1406038,-1651467,0
7835464365430213565,-1069313,-414224,0
-5217358602366130164,557061,-1756464,0
2204954997195607816,438082,351195,0
4349320336279134220,-798687,838221,0
-2958983098455057730,103633,-1654450,0
5055849650673316208,502766,979066,1
6680369942936149449,1570156,1333010,0
7153174200199584676,-1379646,185239,0
6056013718473076279,1604205,1382286,0
-8377221990526708872,250989,-158597,0
2908773584631105979,-1390915,1706757,0
-3187681292330726497,-1417330,-1233923,0
8936892351382185515,-1245907,673524,0
-5955928877632484045,264200,-717797,0
-4392002289389628928,237203,-664293,0
-3475865998936416209,1022480,-1533973,0
-432914285779262247,-1462501,-1484615,1
-7335602711273208844,1795013,-200524,0
-2523523878617186312,369194,-1166478,0
3345488674072770501,22816,-357783,0
-7032623914173309245,-438081,931662,0
-8101269772830600374,-1276760,-704424,0
-2311317104279423164,-752371,-1846294,0
-4021011458947371247,-871705,-1563884,0
-7228169033291535702,1090266,797641,0
8813560184496446728,-1228612,-394274,0
-4688914879968623162,1101584,-1678620,0
4831623369740349701,1456127,1579169,0
8239957188391457167,-1045313,1193025,0
798045983519971646,1620482,1721436,0
8071020832551334814,26301,-132127,0
-5477867013078661423,749523,262031,0
5873210668350840499,-902990,237557,0
-7907265500917488067,-1410376,1370918,0
8416086834523132718,-796462,-1656710,0
-3845368944878770201,1785414,884918,0
-1089665296251867242,-725389,1529887,0
-527626509461481321,1291167,-1849171,0
1667724265232666902,-1019439,-40895,0
8950507023571864056,-1727842,721093,0
2972339654212961275,-297930,150969,0
7627072180864502555,1636449,-1217797,0
4515773907165529143,-1097977,1095956,1
7099052079550935284,-842373,862490,0
-3432007555106861599,1705840,877904,0
-8856666880954011940,1676277,-718120,0
307108537417563571,471173,1605600,1
4917315354845888269,1457937,1211867,0
-7111117540633820789,-859257,-205857,0
3044908783801342761,625721,987612,0
7533367783339284714,-642316,1392954,0
8894174218641360052,501850,-321087,0
1893422723957335416,1484792,-1363417,1
3976985211880627605,353567,-1772565,1
-3293862554340881538,425512,-1708936,1
3399937649023815833,-421948,268561,0
-1667775016530402710,-261961,1536233,0
-3827403744485979664,-1194788,-106225,0
4162155601167545679,-1184290,-1081240,0
-7672720683729748050,-314325,-52608,0
-2467771146654559390,-1000344,-1447798,0
-2065809837080901045,-932965,136705,0
2742818775883657342,-445425,508432,0
-5586225605636977372,1536064,1112518,0
-5119485705318623839,-61826,918034,0
7717510490253651704,-183567,-1834671,0
-2205593112443510419,1362812,520636,0
5288464570341352043,-735372,1281176,1
9175758027530148008,-1674755,820096,0
836175076673388166,-1359071,-475260,0
-8556351323247606084,-1690079,-1810115,0
-763205857881495755,306139,109990,0
-4988364759071658441,-397534,-1762945,1
6417022588841919944,93619,451391,0
-2329486810674788020,-1252013,-1372446,0
-7050286342457142926,1053085,-591674,0
2710707787233237585,1579326,-996741,1
3253333242686580685,1260660,1263581,0
163893863538183231,1478271,-1399133,0
-4779751140743596715,-855678,1263142,0
-8738409306176412875,787187,-951137,0
5004014487927188968,-766534,1512929,0
7811954942505483510,-241359,-1610705,0
3203912127781639500,254356,842807,1
-4404040433697939098,697374,1454152,0
8822253917141063593,-1645593,632798,0
-1644285900025732336,766046,1227322,0
7556834669345042955,-1651782,661970,0
7541330452523274147,1289827,1279356,0
2617661654301862625,1501712,263380,1
6514723540809117808,-1623370,-138173,0
-8176072143124505983,-1824654,281833,0
4308385760843471598,1363432,-1332577,0
-9040062559777471582,-1776837,950942,0
8762842926410518839,-1711511,1758447,0
8294788585089399776,-1159518,1732509,0
-8865760272003288440,1209158,-1229746,0
4243783857992180795,1661999,-641370,0
-586453140205995067,-374940,-1341020,0
-7118364308388269672,-1161128,-1355826,1
3101699130377607154,423217,338950,0
5006240729415877951,-508516,1110198,0
-6796891334058327877,1866422,613452,0
756174659802961243,1165319,1763659,0
-2680482975668850963,-1476291,-1047568,0
-2719072573103233667,-1723783,1814817,1
7766337810608708347,-957304,586588,0
-432528331664453862,210512,1368579,1
-4464563207467348614,-542803,-1813474,0
3849323250507225608,-913353,1030445,0
-8222486348926746715,-242441,-1851543,0
3434826477595944197,-1089665,564907,0
-6684717301244638247,116352,-615233,0
5136015593082510896,1107111,-1502925,0
1182237824878931482,-1282413,-1456319,0
7355746604509744014,1856986,-265345,0
5083266185506657421,365911,-1472349,0
-6553235851142044794,-42215,-534266,0
8220409658944913404,-1334510,538920,0
-2062449796243917467,126039,267295,0
-8258934903818177451,634982,-346088,0
5712009952081453531,-37631,-1350823,0
5377556314511817003,613689,-1830777,0
7378162157603890045,-1395537,1261589,0
-5956015113025164749,-1499362,-1847176,0
2510144261987477313,-1761206,-455981,0
1102278986004977609,-1333715,1092194,0
-2234087171704376060,450655,-1376266,0
6314202117438158697,-751454,-1458096,0
712116317273139207,-1261325,-1256687,0
6801352503030473782,223613,-1541025,0
-5430866251117217938,-858556,-705306,1
-3320252411293339786,272471,-1311000,0
4703673731642560192,-1115718,629311,1
8555237300617822483,-1222628,-95121,0
7354314756457068138,-615089,-1665896,0
5024227095374809116,607637,1419300,0
5176233904101657660,974939,-1676126,0
-4604574975722308798,132865,-155941,0
-193707780702204950,824669,-627108,0
-3810453805172102821,-1777885,1707788,0
5494421953491412876,-449921,1514764,1
-8530483477202626077,761741,-36652,0
-8731816965836312546,-410146,-11831,0
-864180659455525514,1048111,389217,0
3366508150807809537,-610680,336764,0
7138128780764360279,1207100,888111,0
7695583799950936440,1844979,898624,1
-2536827027981877011,-1762666,-91575,0
7729616805696332588,463712,-1142553,0
-5319889716606540736,-1374816,491389,0
-8087133966033109847,1597674,999426,0
542530444431168128,-1017654,-275387,0
-9094176428963376929,1857754,884995,0
-8872049730919935617,-1207588,1314598,0
9032013312753663137,-1670714,470219,0
-8755610548315716814,-988894,227806,1
-5708406417514981591,-1295191,1707084,0
8177655332399760947,-1168046,-725125,1
-851768273175225710,-768264,-711697,0
4268610878713226818,-1712604,-892767,0
1712144282309811293,1376259,-1513252,0
8492303478835403967,322509,-114203,0
-5754782136162609683,1420962,-1797121,1
3394113903157731634,1452060,-707797,0
-7606001918169973494,-189901,-1037345,0
-1264477123091330620,-138105,-520328,0
5307455531731856482,439624,-1806771,0
5342308908087704515,-606159,-441752,1
-175134309551105021,-1268331,-854879,0
-2418332738907493342,455821,-1489606,0
7733707502385326563,-940621,-537893,0
-1330673528422256650,-19785,880666,0
7381686778385707608,1220638,-827025,0
-7950716654021370630,1320620,-397221,1
-3411047455889917792,-16164,877194,0
3923781780558641676,854603,-1613282,1
-4165313174732693669,1690013,784920,0
116151794884067246,-1248960,-1178778,1
-4390016226050346740,-741312,734203,1
-1270798674544039802,228101,-689130,0
1278392985934313627,1820559,1828953,0
-6749012314637987362,1225785,1294352,0
725290753069705685,-1119875,1148332,0
7910991015148137508,1232934,-1784857,0
-8687994310910977557,-1856707,1018089,0
8957638705694522219,1173369,-1353015,0
-8964513693821401105,1666488,-357715,0
-683275713546639383,-1237439,-78734,0
-907492789962246822,-313479,-1263228,0
-5170689704715936137,194093,1732213,0
-2761727571507409271,-641140,1174466,0
5353465841822138644,-995775,-44862,0
264882615320159035,-1793766,-723828,0
133189154911643490,1706876,1072604,0
732696989200576277,655575,-765222,0
-9012926951944311001,1322675,-655851,0
62950416010228254,-541344,480447,0
7391949205113117902,-1178689,117241,0
-5348539138066720445,-807497,-638328,0
8131027153936321508,1442357,1093263,0
-9170752948655474988,1572198,-177812,0
-7687604672595546213,246811,741220,0
7726143278133791493,1729453,1300946,0
372411722321322826,899946,-1078067,0
-1783582492123751314,574544,532974,0
-6633552888963298582,-1685436,1761931,0
2642522864948855078,-953954,186585,0
4137686121555543949,-789159,-413174,0
-8657268418498141955,1629536,-38237,0
478828640434922909,278673,683907,0
3427842157963684252,-973408,-1091322,0
-7669826604833854330,-700254,453603,0
7821140474386770393,-1843904,694191,0
-5559541094823960872,1788824,-836377,0
-200376190205683298,-489004,-409144,0
5688542490053961077,763152,327406,0
-5367412244163008408,288762,1535354,0
340436221328721430,-854192,1144480,0
7173081254493625288,-123962,3038,1
-3058478126700664378,-673398,-1544037,0
7981262356437581286,-1017475,-602869,0
-1573477470767893659,-1109921,-438825,0
6112214728897633273,-593768,816680,0
-1014917543168842202,126457,-638577,0
6205079174161503440,-617075,990423,0
-8330245208155415535,-1424465,116762,0
6471220649805625164,331185,1070102,0
246742871491447938,1217518,-930776,0
5750551339034357987,-1829399,-1637959,0
9072075050667827880,63578,-749569,0
2090548792415947807,-126182,-430785,0
-4749966658959121401,1505951,1415341,0
7834502681627901725,-1126129,-608035,0
8085447515065149174,373888,1854406,0
-7483345065365042673,-1592370,1624398,0
619461922652526882,1223438,-990440,0
3694719490490541498,1139879,184041,0
3644227605291505161,325529,-636995,0
-5428234067023412743,1173586,-1185778,0
-2601290432376779392,-1659243,-1471412,0
2008445631314711608,-809802,1413114,0
-392273154512864722,521992,-70806,0
8105148014797895161,-823679,965209,0
4974139347857795086,295177,-1561854,0
8222566677065438035,-1803151,-1086054,0
3997878310466013937,969143,1337051,0
-2897224231097521810,-730513,-466255,1
-1554698622356364038,-375510,1783283,0
831479409160934664,-190796,1091106,0
8200223753791094048,1625106,670840,0
7284217278000558323,-620039,1553940,0
-5361644751059540561,-910215,1562184,0
-8856182877772970860,1826199,-543304,0
-624429655825362233,128728,-831613,0
-7475085114752712090,-470088,1706742,0
-9066024620188974884,-213323,-694966,0
-563529864665246091,-192557,-1535663,0
6154374442861521716,145639,-29810,0
-3035116777177840412,-1144272,-1542761,0
-904687252507635092,301699,-838342,0
6366955863890827367,1436050,-1206795,0
-2169844497868762380,-912966,1861951,1
-2335785183539093303,338168,-929955,0
-3381840961988244594,506692,492573,0
-1532889013149007512,1672201,1153610,0
-3164493042939784237,-1232897,-177228,0
8549554771905925044,934270,1805824,0
-8327973627128397138,-659823,1681816,0
-8654908630372351565,-430501,-1169001,0
-5867293844505836322,228871,-90263,0
-457020128407098240,1418474,1638135,0
-3515827369220095112,7785,-1083079,0
-7378672321252158776,-1668435,-489368,0
-367625806965581212,-174120,786523,0
1033142616778163019,928859,-1100214,0
3778193147465211611,827646,1751358,0
362979155490703201,790164,-1489417,0
-7483743655458343441,670270,837541,0
-6303024274449178254,-444808,871700,0
-8296490445318997245,1445129,317843,0
8265905514972732285,-1639198,291478,0
2120481598655575631,-1261468,328314,0
-51322118629956206,1202383,867346,0
5750516612715078493,1096667,999434,0
-6555136987514993576,445536,57527,0
1245023575684024207,1503940,1430507,0
4694392256499077000,260652,-148851,0
1822952212691359894,-887538,-730153,0
-3568474831544926097,860422,-1018091,0
-656953932881923332,-1367671,-381495,0
1765462188141301872,439087,1199280,1
6247713543808999580,207026,48366,0
1763245075656992640,-1175647,-492812,0
8232483369404788516,-1317451,40535,0
5846232364277406377,569278,35084,0
-9030848534249400678,1124265,-1656082,0
-3760051058827445625,756670,-551563,0
305749566413254612,-1278697,-1167234,0
3451258566289600974,828778,239115,0
-7962050112911754498,-21622,305153,0
-3757573956741778494,191792,-1124833,0
2271900883686225432,-244746,1873268,0
5585915729105763005,-969680,523713,0
7992202813607756662,-1451932,-141946,1
6137663142253057708,125270,-394146,0
-7538084590658199490,-1283709,-1784244,0
401198543302118290,1871158,282089,1
-5896760973837538579,-990841,195633,0
3535765722562428932,-1700579,-1098826,1
-6237540672286311981,-359508,759256,1
-3853179535980774484,-673112,1339540,0
-3630730957517651566,1215396,1153501,0
-3565537587076581945,1339912,-420261,0
2538687787753196451,-265635,219770,0
-1149734299240008794,-271985,346005,0
-5863730699194155823,-1204325,-552560,0
-1015309957930289359,-1790850,-396008,0
7260869126161345467,-1531820,-1298390,0
-4877936617313649313,-1321800,412207,0
2514640364884330326,1080502,1379047,0
-1416628313365508929,-192191,-550726,0
4673169505066257769,1073005,-1243208,0
-3347504595104951310,610926,267020,0
-5752318045264883440,1719000,1514836,0
-8388813822174668754,-492679,159864,0
-258402343772090054,1110503,793230,0
4662450339136533437,-233404,-300904,0
-1490391173404795093,-1492247,1767163,0
3724116734901396604,-270761,-430349,0
-1323460736440068869,-1550190,-1842953,0
-3009504989315552675,-367816,818869,1
852754631006985236,-1050276,-829200,0
-3227491454566697499,-434136,1676596,0
8936996694173057975,-204850,427440,0
8216433047641499310,-1319157,1310856,0
-7441684292283865224,-1223944,-166425,0
-6691835421961332250,914170,-656736,0
-9051640603156339266,759280,490949,0
8898424374536685775,144340,1856253,0
5747838701630907972,237463,1821765,0
-2064811861670807747,-1721784,422609,0
6025121580153991323,1144100,942032,0
-4411299634776493541,235751,1268809,1
-6328913795064048986,-1208108,-1545909,0
348241370420157926,-245610,-365679,0
-2055089484118010084,659726,-1067827,0
6928320571447121200,-1609353,1447805,0
-7953333494545724407,-1415650,-175777,0
-974562478922066146,1507695,1637882,0
-3155807825137821363,-1357476,1509816,0
7094031989198063083,1757300,-279611,0
5819320075932444443,-794409,-1219772,0
7601514979870963043,-81884,1199938,0
7637948868572025980,-1153493,649516,0
6757091329337543016,-122808,533226,1
-7353355332838638134,-696710,-590625,0
-7888117117317405583,976772,-1437103,0
-6524557836513537227,783240,712569,0
3115601776473515526,1710232,70310,1
5445078025125838657,-916128,-734832,0
5504463544666061125,1119340,531581,0
420978738819407174,-615394,-459368,0
7703132385216836448,-58673,-95371,0
7534320704108396527,1443286,-627291,1
-2782052345971277283,504199,-332055,0
-5455062763798149189,-223319,391480,0
-7433783499466167723,-1874212,650515,0
3782456319938840960,-179747,-187637,0
-2278126850261592459,-1224974,1729910,0
1792923862595273955,197533,-1488504,0
-4156618645423082240,957167,178190,0
-7932420280737518880,-32021,973171,0
-980180866895059190,1098426,-1247240,0
1914478287960568904,851789,-1399768,0
5200748260938137278,1736501,-876455,0
299936775566149694,317883,835254,0
426824847172554202,-813711,-510800,0
-8424870940198227270,-384412,246194,0
-1492563817604135890,-80315,1488461,0
-755080395720873210,98189,898030,1
-7432445173926814175,1182700,-825058,0
9197985248605448771,-479115,1686138,0
-9209891000563457236,296526,-1656048,0
2507780892246020581,244858,1054231,0
7641554882502177884,658183,-600986,0
-7520286522910055885,411200,1407827,0
-3542074643299210540,352051,41474,0
5569830776488083656,1326893,1119647,0
-321251939111369143,1841848,-98191,0
8220221983130078997,837777,-979199,1
4868276463401773956,-1174808,-1601520,1
-7773368452189794084,-522659,-876048,0
5649536434882179812,1495018,588526,0
-3235489992863669578,96710,-1038715,0
-1871592888364513575,-1861531,606653,0
1582718868275101839,-1486413,601787,0
-8558851481150909846,1001508,-1808967,0
4194489909550849061,352919,642699,0
7746212988454977456,-264686,-976464,0
-4885352949715401844,-770229,78667,0
8808666809963152985,-1285718,-528054,0
-1547620040390748244,-210007,-1238251,0
8441008553391819302,1764874,-382494,0
5795604887121318593,184952,147819,0
2748770961863428461,-1036331,361632,0
-6497569564267667749,-1806663,100053,0
5439068005370551191,-1064514,-447025,1
4422122364335586396,-220941,-1756715,0
-3138276412971221085,1322250,-481102,1
-7235677532489664388,-1822848,1248133,0
-6339102853380343135,1603611,-788862,0
-7193769063852969016,1482577,297712,0
5373006214958597689,-943037,291421,0
5533028438032431263,1241939,-959757,1
6774458116850683682,465602,1540085,0
8004642629047640500,-530314,-1338313,0
2775134683262845866,-759505,-289478,0
7329982854662475919,343814,1817643,1
-915090921675132363,-1614049,-674234,0
3069360484491457548,1580053,1167671,0
-8486035543130064970,791708,1123296,0
-3556740003615531302,-635874,1085882,0
2854435777261179003,1511432,-1787403,0
1402921843195530263,-60005,52457,0
-4285373684003229314,219752,-1520297,0
-2091782062665001017,-275482,-1540172,0
3119128427582740445,821679,625702,0
-1936486324734447299,1673195,1866463,1
-4477597500573206787,998751,-1530271,0
9134525945993791759,-1656973,135304,0
9066274638587092423,1344126,-327855,0
3425321342888484762,-1774441,-1060537,0
-3365838666126613721,459629,787528,0
-5521703296291128965,223711,1010169,0
717693300508041872,-822882,-1734856,0
-6237775861151489001,1657069,1705797,0
-415289508784748425,614824,-652308,0
-4597389814576182764,253751,-947269,1
-1304915084571054380,-1106573,-1516180,1
-2040120744899487778,1198600,-272877,0
-230126405929432668,-1708052,570497,0
-3453624966125801437,1573382,-1852259,0
-4058250647132675223,254518,-695537,0
-5179913285386866601,1273111,-1365292,1
-8375066494656779864,-107089,-1142820,0
7219725810420466993,722385,1029944,0
4904213065018935658,1159145,-1765310,0
5466719620942647084,-398137,-627216,0
4568089617214643132,1468552,1870527,0
-5677709203565586681,417726,266929,0
3208350233601925679,-1837548,-936255,0
-5591657007377116602,-729021,1089339,0
2166216818431234904,-1012081,913942,0
-7255056544402212946,-910005,95203,0
8198125958448215889,117753,1602124,0
9081069540379206604,1181392,1802926,0
-2899266338412260298,1466035,-278511,0
4504317636206644591,-792955,-488011,0
-1192058442082096471,-1197454,581479,0
-3817293142625695190,1053664,277156,0
1253310503614661199,824677,778266,0
3447327559067968211,-449055,972858,0
-1852941497566296495,-1288226,-1653537,0
-7900466359591684089,932247,-239245,0
6691900576915927516,-413067,-24904,0
-1960261904014149981,-1447201,-147712,1
7596964891254770849,495175,865577,0
5832922733452991564,-410859,-686722,0
-4964921791161305259,542375,1089995,1
-1315947544561906711,330030,1661136,0
4343068629186578482,-444346,705022,0
5802615604235842083,-1143122,-401037,0
-4268901499632142475,1788963,1095022,0
-1121912590880802324,-981650,818066,0
-2487141589773558818,1540115,1196468,1
2240024712030277877,-459942,1800413,0
-2961150124435392717,233192,1488656,1
-8096428121661195210,1784551,477419,0
-4869592770347412803,-1353420,789652,0
135697742046362730,-1225421,-1515472,0
-2275097064882803767,611485,1491534,0
-5994441506657811824,1425442,1104420,0
-3036804021543800792,-76306,1473787,0
8145133082409890923,-447778,-1050675,0
-5959545099378357585,504331,966457,0
-5705108471598087933,1075193,889401,0
3821712465312923576,-640512,-847441,1
-1679083119875111646,-1301763,-1735161,0
-3698439645892601441,-1500731,91284,0
-3974666475464392744,-531283,-481873,0
1590478761249826119,1210889,-1249469,0
-7148000905390631176,-26582,-344026,0
7987028178819350163,-98073,1272549,0
4913989858532191129,-318915,-436275,1
-6438689514084782868,-1036059,406488,0
-2565989868728385899,876769,-584899,0
-2886229008978571327,-628058,49156,0
-9193947014892411635,1757472,-1639616,0
-6769399152734823677,-267630,1026960,0
3568295673023073507,-1065895,1754583,0
4941543981849289637,-108545,-615222,0
1170526812742603070,-1300186,933586,0
5014572776958524450,1709049,-1372273,0
-8448871840817651958,-1696698,1393197,0
6715117716760568054,289950,576803,0
782723235071715701,-1266852,351603,0
6501384466723435812,-725803,-1085738,0
-346552129077088653,-1141544,1311990,0
-7686156939274875217,1483851,-1534991,0
-5761555208431252677,-1826075,-1232341,0
5810891748509455137,-688229,-1216485,0
-2438220638954233655,-1424778,-454146,0
1420489391107351559,-896841,730941,0
-3567726658388342694,-799763,-724021,0
-6009860100870055054,829386,193378,0
7738929584458864626,1184953,360998,0
6875770585897079,1083508,-986544,0
-7406862801795991847,1736219,-742006,0
4365968871472815024,564058,273034,0
637556741891211801,1567628,-1696208,0
6054335089227822010,-1858675,85250,0
-2811473316769627902,229048,1617348,0
-2674287917515130443,1119050,-357982,1
-1798155884433479257,419631,479645,0
-8404978660140671545,1799695,-1171841,0
-6420978876075625121,349238,-1560020,1
-5415070373005180007,-1504318,225856,0
-5399283864169380540,877907,-1571829,1
-3337783898682757416,1590298,10495,0
2085077863230346935,624985,-1767499,0
6169087409616584629,-726912,1672231,0
8723994708126140378,1263508,737900,0
-8540983477080031386,-1054015,-891170,0
-6215857995048342508,-1237990,1486713,0
-1075945741669516125,-1081040,-950607,0
-2711230728539836271,1363710,1863724,0
5343909192812754985,1359309,672868,0
-842880143263149888,168140,-501128,0
-6038721264192151238,750475,-1543819,0
7650983011033242323,1474967,-772766,0
-5620992162504269284,1070820,666606,0
8998438340601857090,-172108,-1486154,0
-2326432417257964394,-852352,-1833910,1
-5201768479229931960,1820498,-1856809,0
-6290424536134519178,1583239,1174396,0
7485361303627086437,-1364453,431982,0
-7922092017383893491,1800621,-505990,0
4436797475866021594,-1079077,173764,0
-1149507268877832528,91450,-1018727,0
2298573996449196848,1641218,-207297,0
-6507467169409974983,1847723,-51148,0
8298337163494927537,137893,-1703110,0
2244456686908363909,1666732,1543112,1
-4915290780097666323,-554701,-655046,0
8699673617624717812,-153374,1619125,0
-7877849941398023113,-1785493,715013,0
7325825142455095788,-540985,377465,0
6183871224266445350,-1299562,-1056109,0
-941707432679490474,1511559,-103011,0
-2509811123769876971,-1692107,-868717,0
-5490338991225208545,-735941,466834,0
-4544261455878251102,566398,-1022211,0
4536259791212965049,-1654202,513262,0
7771094408683986738,1507675,-269713,0
2604657371889777815,295481,-1617072,0
5264858737434029676,-1677640,1619931,1
-6052682943431623756,-67534,-1455760,1
-2683660790689171270,114975,1296529,0
-4301779821147295987,449296,-1373306,0
7747206716551528907,-1284148,-47445,1
8414035532904780322,1135876,-1090992,0
6494648193936762900,1251854,-33820,0
1830410789295760249,1625526,-1226515,0
-5443823544814306998,1201340,867615,0
7544784512666845467,434161,-727301,0
-917914050025875735,1178060,1405341,0
-185787584847145706,-1461620,155821,0
3347634703353146032,-1695425,-1609555,0
4515582074191799220,-1214859,-935603,0
-7322312981437915453,999542,1410914,0
-7297309847778721281,948506,-453104,0
8782001714476917733,1864769,-604911,0
-6928833845202136756,-1556564,53046,0
-6595777933905883172,491594,-1841727,0
1064659313565684672,1049312,1148381,0
-4743777389624451942,-1309479,73718,0
-3977039090675946057,283286,-314919,1
6107559114459977091,-822111,-581357,0
-1280204255840470977,-739998,1329878,0
-3917687550269566480,-1747861,1001694,0
7766467611893834650,1365323,1769941,0
5930425997375520686,1520245,-411731,0
7027999812324895168,-482947,507466,1
5859477572545068412,1224573,13953,0
-3591246810961719078,-484152,1717270,0
970636685016515984,-1484260,-856392,0
-5652706676592493112,-493141,1090354,0
-2771707992906373101,1640439,-949435,1
7648074613033637532,-635595,42407,0
1366008520233457056,-580700,-324616,0
7530079745809151261,635523,-249103,0
-417200236692588087,-1793663,918966,0
8436642719226833221,-1786265,1122010,0
5458055113790203282,-1482376,-808596,0
-6048821625353253948,298052,795718,1
-5999150590665209356,1479447,807079,0
266014407243210874,1475332,884774,0
8294659280927375964,-1069981,-1009169,0
-6213083031263033088,-790654,-173303,0
893589855499202345,1841447,-764666,0
-4257659536535402720,-1518499,-129337,0
5450128286518370353,-911457,-630568,0
3370447849235402585,831021,-1062437,0
3616979156315295548,1666101,209484,0
-8314039639410742436,-1652073,1382064,1
6646207781466466952,-1118508,1310781,1
-4348240630144766831,-398906,1596422,0
1535886933832216387,274442,-1618575,0
2814545144812973715,-692347,-30499,1
4482340546244383764,-1158880,672221,0
-1893269919722198608,1106714,-264674,0
-7419033086817614957,1552366,-622323,0
3319746677631833450,995841,1335346,0
-4230905246229748019,1597280,355884,0
3924050626945047288,-1432263,1053378,1
3544811454036688833,-1120025,658062,0
-2806121131594573882,-381441,-131109,0
-8450324076991622171,1621742,-264069,0
-5027385739600793616,-274834,1698323,0
-4172319395753171295,1039761,-562684,0
52984964679659723,307249,-989886,0
-6600389270195305518,1243351,489215,0
9175525587678675805,-1116963,-310741,1
-4536381409733191095,1379911,362223,0
-3484508045026136352,1617500,-789134,0
-8006646732524706230,-1151249,-776417,0
5061122426260056899,435457,-1843785,0
7659461178223488014,-1277878,1731558,0
-2852428543323962456,232256,1063857,0
-6801981839076195775,-107295,1414932,0
296110475850287335,-148010,1149203,0
113942435543215236,-218254,1743773,0
-8443380944364940278,802706,1096683,0
7779154546762188268,-1011118,-952079,0
6386904723822123215,-1267662,-233657,0
4188122505793371009,585047,-215686,0
4654319833998952490,-750728,258943,1
755393344338007744,-1218703,-1863872,0
5769976493044122304,-1659584,433705,0
228418270544779290,1439845,-1817863,0
6553851918006262636,1304401,40448,1
3964670901078712691,-1005789,889621,1
762762016928999869,-1559673,-1095144,0
-4175032015242710877,368169,1617281,0
3026532151870073974,457311,1155488,0
-8726136274400892424,-1520129,-205068,0
2437677872833707022,-566448,-475644,0
-9023272011829579086,-78937,-27064,0
-7581148440474890962,1481580,-1290349,0
5919070768556317574,-872670,-112243,0
-1885828664923684043,-320906,-232205,0
8361731471000902428,1751049,1466936,0
-3948631789472066889,48819,-143549,0
1057797225045694609,-810609,1288716,0
-3884348226629078022,8226,-812029,0
2587743993652676086,-587564,-1648509,0
4797729707544946039,-1293738,1737169,0
2924112808371489487,-168328,-1607477,0
-7204581583792390561,-768322,1758290,0
1865814501258968724,-1581961,-1776211,0
2748432806901190932,506104,1749636,0
-6895565658001198285,1388561,1437805,0
6595290877299400107,-1799028,-329321,0
-8389320887456542836,-952142,575512,0
-6332059276534868879,-474043,667842,0
-578831007767823884,-628417,606379,0
-3529058494117468061,1010168,-1585536,0
-5132390992536202573,1065239,670046,0
-2541047204884893260,-254016,649609,0
4079424924134030982,1486467,-1341499,0
3138448859643813963,-443344,1489660,0
-2579759786266066659,-439331,-1238415,0
6906051343963340354,1225881,993463,0
1766701065959679902,-1448605,-763330,0
7658050021752128104,1525745,873454,0
-2765092193073954016,-1531277,-425083,0
-8183643096272325952,72668,1156535,0
-8395168618888989903,1509609,-1575449,0
2606935642201855744,1488403,-1253633,0
1340091207025410129,1071393,-151466,0
5393020906262854419,205563,440808,1
5059794585462359669,-1194203,1820521,0
941366430066557335,456187,761531,0
765447921408864132,359471,219880,0
-8879530954514086304,-738843,-169694,0
-174475289201574435,-1053627,-1867620,0
7407981056474927347,-395787,-47225,0
-4329912508343998768,802924,463046,0
-143361008110676212,1856746,-787333,1
7711866665582755104,-1499274,1679675,0
422595486971989784,-99941,-1180436,0
-172529374731523192,-1602719,548510,0
359384019559043772,80401,-1871501,0
6841302865982062386,558201,-79850,0
-4606776149155786420,-1658980,1599130,0
-4860507245217660351,-687601,-803995,0
2165658382447448660,650262,1566553,0
7641687246806836809,1355566,-405487,0
6821320028453980179,-1322435,1586118,0
-4068561968055124271,-18636,1013176,0
-3131322916570500613,-333004,-1667261,0
-1816318340390057000,81272,-122481,0
7828086129629253427,-1331481,-883745,0
9550167508522061,-798714,-1168125,0
3213180276009148693,-369612,-670513,0
7765829971072356502,-538747,260348,0
8811124198084459952,1720420,-1014871,0
-4543721798029695734,126080,1296319,0
7978528099734778439,-279831,-383459,0
-1140430961145664393,1127958,-1277708,0
-5833232012896160305,1299670,-772184,0
-6164243674812345699,-1340146,-328909,0
5059407747976014709,-1351835,-851086,0
3114436622683963056,699682,-1854818,0
-4419304268512758506,-1792393,-1397246,0
-8693213163427508774,177215,-1169868,0
7724227014630331846,-1020394,970045,0
-601781463420805706,1546489,168550,0
-5294699485561281462,-1829806,-133623,0
3559954027527939798,-1429379,1606263,0
5876675143355305373,-548583,-600297,0
-4310844769437866177,962103,-1870248,0
-1709976503866808465,-1578313,-1546584,1
-6934210273190765336,-643532,186968,0
-7668429806943415647,-772347,1833919,0
6485762888154419263,-837308,913967,0
6253242676698639818,708601,-1054427,1
-8652057025013567837,899280,-1492447,0
2260357673465305013,-317019,590343,0
-9053608272991062805,-1765026,616740,0
3624365584771957217,-1746684,-1149610,0
4183973585044056541,-1819686,772002,0
3892846575724057344,871275,-1761396,0
6049770770536081592,331499,-1833690,0
1215995872915331448,-1090952,594527,1
-6775649949347218517,1742267,-1155060,0
-317710942191301147,1151013,594474,0
3575991202687993435,1298641,36859,0
6923777080680867221,-1374480,299456,0
-7675754554815709087,-157519,-214921,0
776321370525660426,849158,1788140,0
-4408848480075448374,-1514891,-1227801,0
-1369356168184077700,-883146,-608257,1
-7475461269914651317,-45738,-1633865,0
-1287914782831155111,-436095,814573,0
3449174813501091755,476444,421792,0
5153639363268521315,-1867530,1207507,0
6336881455721058713,917131,612042,0
-266826283236320384,179290,-126796,0
787393383935543495,-280343,1026523,0
3290785518478038849,-922713,775369,1
6509935712721124551,-311385,452897,1
-7428173925531354787,-1616876,1292026,0
-9148161961286064237,867284,-1436802,0
1280378411024740141,-907557,713940,0
-7864555206626329083,-1498072,-240089,0
-2624161785033233616,-447794,1588445,0
-1934137330626369440,293706,1100508,0
-1486402122448755320,-620189,495433,0
8297317928745175749,-735692,415590,0
8662373246559857788,622992,-1456099,0
5756814018338921919,1047956,692491,0
-4422429510583319308,-53743,1043194,1
-5808238523947067720,1648548,641879,0
-6423999211735622912,-1758998,-69912,0
3405635167072936065,1720360,1865463,0
7004303695169110610,1108823,-1659807,0
-3550066633870072882,1026009,-947642,0
-1806279135820216642,1752073,1213693,0
8438746163143745464,-1328740,1793120,0
6426218951851445441,-701118,1315921,0
-222647645035933127,349959,-361739,0
7137436898710209016,-161077,1870950,0
8735179155584987315,-1570200,-97349,0
-4116458265297314396,340996,-1536262,0
-3304959074497056662,-1428171,370393,0
-423976421818224339,1864088,-1343593,0
-2005439881326502139,-1834546,1762392,0
8258866606028245148,-34777,-200741,0
441863260457044753,-630763,-300998,0
3674778728230132511,-934241,448719,0
4022054282658380926,-421244,1320012,0
3999854038701378440,-1309797,950987,0
4857110669465074976,564527,-294010,0
-6944777438092265265,595296,-1062166,0
-3848665754426805969,-1823015,1130223,0
-3162416503017496948,-355001,-78485,0
-8092206637706985529,-881179,1602285,0
8395471814833472893,1729833,1525687,0
5360173601807747945,-1845654,-316702,0
-8496734090319494138,-1227640,751282,0
-96936872128202120,788043,-82158,0
6469386700725407404,710318,273174,0
2034959717271850941,948540,-1798121,0
3587235657952827545,-175490,712381,1
-6651283680178105628,-1746436,-316738,0
-5001213029548047332,-1054679,926302,0
3289309011731843325,-828266,-1744968,0
-6426029631091367130,1136405,1759851,1
-570568556713280261,-779091,1658154,0
1733795129939118029,-41353,-1552624,0
909938555983681592,127833,1332408,0
-5579569383815420724,1511420,1490988,0
3040645901115558639,570655,99874,0
2637117374337138177,-941240,1673337,0
6590908749429376193,-695188,655177,0
-2766321312408033041,1064426,615524,0
794121779468188977,1838073,382373,1
-6000009070894572230,417301,-62102,0
-779796531455210456,697881,1222744,1
-5681094933311138515,-769741,-355137,0
-8156361529983298959,1106414,1254949,0
-7899157182153687497,-1169116,351883,0
6316158354883441214,1742221,-1602700,0
-6815133175742891671,-543603,595554,0
1583584786166650785,-833483,1220603,0
6883808381555911674,-78140,-78513,1
2920611195489538324,969535,965967,0
4172868867965837251,-547497,224427,0
-922763385880807438,408438,-913848,0
3852455363790484420,1280736,-1275729,0
-1603134470860314373,1277162,1694150,1
8987105069543791773,-250559,1662863,0
-2041694313087071020,-1684549,553768,0
2112954332621337878,-384837,-1635084,0
3662713603432738949,-804497,-1435531,0
-4197161375403008361,-1530323,-70830,0
7971732591550524921,1754603,-1653157,0
-55980008123256400,-2600,-730259,0
275564707251676289,-1661295,1007185,0
3666634292593999507,1337072,-724236,0
6993473193398665554,61067,1718388,0
-4268299452095816299,1135179,-1415637,0
504922642059401218,962783,-421200,0
-5612667173010878543,-298973,-874487,0
-2699750799360947441,212803,-1262155,1
7783896650122817284,-1034446,1144261,0
-3008762922627382184,-425410,1763973,0
1917442379540148050,1827615,1765496,0
-6889009290645226079,-441835,-1266184,0
1151177541921435264,1221302,1422600,0
-7416535098703832812,1341982,1251285,0
-734616474726181608,-788862,-595192,0
-6052430599857419845,-352449,-1719873,1
3127029483429856968,1544810,-1235667,0
-8035285281683125241,-209109,1120320,0
-2498132996173864221,1680254,327768,0
2974107158247108172,720978,-926553,0
-7263917226525469474,-1590952,-825211,0
7307730015910439234,-1070353,325158,0
-7855090383806745388,628282,1757635,0
6511878147239118982,385006,-995440,0
2680777121054504963,-1574844,-1807510,0
5686444282747200279,-756046,-775121,0
4008978155655197005,400288,99053,0
1559205268190241753,1730855,674544,0
-8615104500667653704,-1691442,504450,1
7282688331808203285,-1568665,-195385,0
5046835583015819502,-409594,322098,0
-3263258918041515529,-175138,-1282806,0
6614774596381402558,-111482,1332924,0
-5363505989803354865,1073052,-140733,0
3939695497762641561,78162,-55438,0
8923929810571514577,446202,1809742,0
4625809275420789269,-41566,-1497394,0
-1223600921149456107,239240,-420375,0
-1046089338809594002,1291073,-751581,0
8677156646688486551,-1373951,30843,0
3112383692968892160,-1669745,378039,0
-5191918548511010440,-1016252,-533971,1
8256197423090610894,-779223,1050995,0
-6507294397078809669,-175296,-951292,0
-3527549192092784897,526451,-110574,0
467843693004597193,847460,890121,0
5109458319375223387,2271,52896,0
3654451639450686189,1190835,-862435,0
7293615698645382866,-31682,-87167,0
995903781603371993,105849,467506,0
-4188679233706079755,-1107268,-955209,0
-7748380915244670176,663173,1611464,0
6943221626849310075,-1380553,-1323260,0
-7621079187961816135,1697998,-378908,0
3233849862777118654,1832575,-1695684,0
519202779042255746,1604266,766699,0
-3841054068917119941,-569197,-543647,0
-3098987543915209797,703597,-709752,0
135740428991530006,1734464,1266711,1
5907433744259228039,481187,163408,0
6192520870256432787,-123744,-1696194,0
1787927500422350447,29781,-1444466,0
7050676139326704030,-622453,-247169,0
-4510021898135172898,1524345,1481472,0
7031809140143399492,-1553447,-89012,0
-2298348361148515163,759678,-103522,0
2318163333946125624,739544,54997,0
-8171239329303817351,-57595,-1680295,1
8986055405987172175,-266349,-329869,0
3306505484391626096,675332,-460947,0
-2588892211053533692,-1678354,689739,1
2832663521854777736,-307098,-686515,0
2894778195800455157,-51998,1512662,0
3632968019618991648,1259163,-1779678,0
8136790444703397220,790414,1083306,0
886244384603218301,267332,972900,0
-2424992671167199050,1009178,-1277722,0
-7168438244958643641,1144307,970790,0
7387721370231060216,-266844,114329,0
4242817776722071561,-1704325,1583455,1
-6541855961438941099,1277056,-1675740,0
2926172477125735348,-750432,-236582,0
5070769451947307169,257902,1677249,0
6246534120562399260,-1748543,465285,0
-5766175672590168111,-109921,-1210707,0
4787862723319417466,1303147,-976282,0
-373718139368463743,-1871700,106,0
621868502235691752,-1370757,1593670,0
-3090844832648672659,1519386,-702333,0
-3562962374227790616,-547591,1659123,0
-7117549024316434696,-1178533,-1000469,0
5192478989625305054,-258991,-1817808,0
-2462900296798300760,658346,1255958,0
8097697559407214481,-1090712,1538922,0
6347455420474487463,42222,1236547,0
-8996919285012427602,-1433607,-1340965,0
-860758607671383740,1759445,-1756379,0
-2153129065301672635,-1586081,1764561,0
4760099988065551472,1687854,-1769375,0
-2635450707246095030,663289,1591573,0
-5486901095558205630,-1381228,-417661,0
3695632077274076949,1076107,649248,0
6266246313651443059,-211601,-15926,1
-1468865776450696222,-756269,-777890,0
-6540429933798435869,-1769179,370192,0
212591444721196114,258043,-312568,0
-882774080231458542,-1202609,-564263,0
-3779191227129706263,450810,1670647,0
2557072418481264039,479291,-754204,0
770331846570611342,207032,-571497,0
8821131909669231853,-558935,-329295,0
5144729365807850253,1081558,395225,1
-652157476053019311,718076,364473,1
-8123741587321191016,-1051387,-142421,0
206784967400495333,530255,-1839617,0
9151833352110845762,-916165,778853,0
2753774441902646752,-1761059,1147750,0
-8362708965404584061,-440386,1121555,0
4448130328272682780,904517,-1378059,1
7099777991007084727,-855525,-667276,0
-4337273679531189097,1489303,-541736,0
-5936064268186857313,-1866991,249465,0
-1288463357796160526,-1768876,-321583,0
-4526051387669620514,1543647,-315211,1
-4806511756693708555,-1026513,-1726338,0
8252815273520918396,-166594,760713,0
-6962642350538566135,1107757,730784,0
-2357633188386883737,-1152695,1297211,0
-1089775685729895236,797880,185436,0
270055724242499822,-1136537,-583663,1
8915552245735333441,1199954,-1730568,0
-4008401424089224636,-1514243,73297,1
1037489555036040173,730212,-1648364,0
-7108530505172744189,1282386,-1497707,0
7561726303520776124,-832451,-874407,0
-3264670277772903002,1204837,1259011,0
637447426722655433,-1021219,1559444,0
-7328649099462861299,-83219,425303,1
-3467658056805105703,1288858,1364771,0
630360241530661885,-726908,-1411930,0
2109575903302307793,553438,-185013,0
8719196885353509534,-513417,1514834,1
-5472795888132784581,494505,564247,0
7934592501206724091,-1556191,-1047298,0
-5461908085448161338,-949776,-1858252,0
7900237689650496389,-1575987,671786,0
7621898266707139,1194317,-1344793,1
6085833558373616272,-71673,-1060971,0
-6742269360779675223,1220773,-3481,0
6275485739968554197,550575,-1365619,0
3189863778150315921,333733,1491517,1
3872382371265930991,1438705,1352254,0
-8187471148934148934,-526271,-1871924,0
3146607068965130462,-549916,-1591275,0
-6648508437343124218,-860651,-1280439,0
-3989382193506396537,-1469181,-670933,0
9135341077139716732,1258526,-907075,0
3638183704927664177,-292688,41477,0
-8213179919464974908,481593,-1461105,0
4910906627644074761,1496721,-180622,0
-2887610322352267602,-1161240,528669,0
-7020004028100537953,-1735102,-908671,1
-2214516794677658453,-1363602,-685788,0
536699016311293031,465010,-889059,0
5498134254710884178,-1382913,1394733,0
6964800710778825273,-481941,-362499,1
-2125810286105901347,1737798,-1626190,0
1935455392452763858,47308,-1579496,0
-8813491992363432791,-1845014,-1184394,1
4946909746648200529,399028,-1546513,0
8705997882644614074,788630,-1218783,1
4548947533789146298,1181102,-384921,0
-8378172081229104844,277793,-1446701,0
-5771678143181382538,-1123877,1226555,0
-534084854800917277,-466394,1686656,0
9211461579716317905,1566284,650025,0
3238565952013822388,-83176,-238200,0
-7706123916413382789,-609115,-1104121,0
5441917006383642170,388108,-1162646,0
9081002859446045704,1222595,-927860,1
-1211244876318864086,-848721,-1187411,0
8264390485058638960,1691318,994403,1
-7294341488034886177,1511520,514137,0
-1725526865991028849,-697041,1055253,0
5518656016217922774,63304,-1032934,0
8187507797197477798,-1499233,376532,0
-2310470784383720397,-379923,-1636702,0
-3197499115755879720,-1183134,507263,0
4747298773052433467,-524975,-438156,1
-581648094565516370,128210,195258,0
147232526478185432,696452,-1600327,0
-1222429402859959916,-758151,386116,0
8307011969611206936,1490203,207413,0
5018903737004992858,1366390,-420783,0
7167680291138216366,631816,-1409355,0
-4711543817518574157,-1483539,97534,0
7834949082818888560,684682,-1646978,0
-1135403731945676871,-1343363,-779749,0
420196205068700887,821490,106265,0
6584720709432203111,-1747215,1778094,0
-4421600644510294654,1758279,1403703,1
5885522995288736798,1777618,-385716,0
-6283482020467056973,1771430,-710935,0
7486498511188045089,-164271,916526,0
1733938800930264016,-164630,-1527769,0
4632273879141397016,342177,336037,0
-8581827581732472093,-322569,399486,0
3481343092149285777,1539450,1676039,0
5718442718256905499,-1396236,-366461,0
-6608882391942624390,-293491,734281,0
-6682379051832414391,-906468,1334381,0
3072776309303252393,-1811831,-1726413,0
7656780889651012196,1297533,425136,0
-4610875146788960172,-4218,724313,0
-6680925630217337851,-620026,-100133,0
5491741823261973657,-1821375,659711,0
-2419619719923544340,962664,1326378,1
4602441893711365879,291185,315077,0
-2356462117999621255,1467179,-888596,0
-1633356806618562605,-329334,1842517,0
7164384058967138355,1066584,645613,0
7419818682437540853,-335071,1843806,1
660613124903137861,1316869,140805,0
1452821261388018952,-427527,-1023639,0
9167707911480366588,229613,217995,0
-1335747481020980707,-908073,-1368241,0
8635222542421069642,933751,-837701,0
-5780173331956170712,1779969,601141,0
6201046980128498246,-1432863,-1533940,0
7321014716699363970,-1397600,1288536,0
3374922630935049130,191150,408145,0
-6018356997925993627,-1406926,674234,0
-9023213877916255916,-592565,-780007,0
-8889986417920703557,-795322,167230,0
8518552942139972123,88936,16503,0
-5248928666055263911,-422796,-845225,0
5349820767209982329,1594802,578628,0
8616746746456030706,1120853,-681728,0
-2583629960242375810,289152,-857669,0
1397015531884074801,10827,282150,1
9060965352314374861,-144383,-572113,1
3624088742073137747,-313620,37555,0
7262883370978629341,-1553079,1749527,0
5353242230762875563,-645612,-1427726,0
-4073229509895669126,-178707,-1735454,0
6006925049101723676,18458,-38342,0
8726106931092826693,1418538,670408,0
3056202571904773538,-1139472,-1085882,0
-6010364890059279569,-814363,972982,0
-4529212948000014391,-1295891,-527626,0
-3125783086733856510,-68672,1299597,0
7991056406987672372,-98437,871856,0
-893629838774987560,-186948,-939348,0
8410466824025232152,1794653,-1663154,0
1139502011920956322,-1333051,-1775259,0
947180222465634238,1532402,1792117,0
-1553971288914897758,-558326,563890,0
3349796220431817988,793957,989231,0
-8488502997845583887,202554,346771,0
8978671079883102429,878325,76998,0
-6560577154143253254,674239,-742218,0
-4221125664817966644,1499494,-366890,1
8461064502627148029,526515,1041157,0
-3911509536389356179,451946,-1406463,0
1499797766360567181,166494,-428328,0
139277690755346157,-1679445,994564,0
158648466806427410,-466139,-1039124,0
-8863659216254556787,115309,247304,0
1999075636104457032,1609007,1000952,0
3849003968158288674,-906602,-150271,0
-1140258501713442882,171925,-90460,0
-2361662142148285800,-645441,-1648396,0
-490047574181457832,488340,-1494100,1
-43598303339731350,1657685,1262935,0
116953070990847438,-28613,1829968,0
-8945264430694787284,-1446133,1023770,0
-5445808513489744853,617311,-1863254,0
-1056440495112586750,887831,-1413083,0
1447652047589699918,853969,-624866,0
178995992862306086,1143753,-65340,0
7197281071929172844,-1058191,1376431,0
151547016054507622,-1077901,216587,0
-2384943731688530036,-1387261,-1067052,0
-2847977267629594717,674349,1469008,0
8293403794170159114,1427009,185648,0
145305810919337299,-1610805,1024786,0
-7453254893227920620,-734488,478656,0
7766592430442542847,-742809,241940,0
5177977585019904304,1081946,-1148332,0
-9179533687436431930,49037,1530731,0
292536398668800948,-1635791,-1428991,0
-8658266430065908520,1620689,-1488351,0
-1738864313704436915,157639,613164,0
-3100227044587730947,-1390970,1666492,0
-6411388797650602375,841472,-61731,0
3289179814335339020,-1082491,-1311860,0
9202544960869939212,1065404,-994353,0
4164301033506587508,437869,1373773,0
3014128836583034287,-183417,1245548,0
-4039165597381168970,-1504096,-1432755,0
-1421977523343227300,389744,-456399,0
3311216322894676200,764357,-365991,0
2489194246515390692,582015,-332701,0
1483673588783449140,-575198,688335,0
-6377813790475408791,-191318,323882,0
-8440111092832433577,-908254,-844416,0
-3762022955518671644,-447353,759500,0
6054165562586956066,-497652,1212570,1
-5073445270008062560,262780,-1710437,0
100787517707592444,-792617,897349,0
7529448549673356221,-1757949,352267,0
-8079156276471646881,-51505,-632,0
-8099296211260535122,-1619656,-1282730,0
-1267661997292791977,-74921,-572367,0
6161282600016413883,-629792,1114391,0
706060985575546886,-162504,1104106,1
-2859339968434097792,529334,-476682,0
-5188782847852147422,-869238,-1761309,0
731592644721300588,-989901,298961,0
2542661158314459509,-1156038,-6094,0
-3986345941138829501,1669545,544781,0
2617196794703450972,115778,1058078,0
-8600714526446527331,1869111,-1699957,0
5749032384538602313,-781660,818430,0
7527946136149710436,-158965,-719189,0
6567196664905069122,985278,633048,0
-45667964892591014,1121143,838838,0
-2172534001653247905,-862228,-43650,0
-4000477814951695727,-279170,775712,0
-9015341503810487473,392250,58731,1
-7197427775667490831,-224669,1596147,0
-4288038913630399276,-156390,1649045,0
4828442063579673781,703043,-1659368,0
3061575256734357826,54612,-835389,0
-3303297561673907986,225794,-378072,0
8187954966000344580,-1381566,1713710,0
2865592767959708415,-468573,1113831,0
-1098733377081909224,1098236,-296099,0
-7766238194417027553,1290577,-402760,0
-5280692917142658418,1035387,-704868,1
8373441332307445978,1545633,1787167,0
1904928904841288972,-1321286,-1525772,0
4854602334617015184,608822,1567755,0
1763270140446440013,1146547,-12421,0
8731656123862830837,663261,507222,0
572029269632558749,226256,-817361,0
6035775171654646415,-634867,-1564261,0
-1816918393411883425,-799934,1290607,0
-8139853566805974212,782061,-919769,0
-4926264090183750521,-1484223,1212594,0
-1707542162084202071,-1734480,1486596,0
5890651078779357473,-1061081,1746451,0
4115386553687832795,-1233327,-426900,0
-2172292458571249720,-1639583,-270971,0
-1860052939087848278,-1770703,-339334,0
1212116561123337775,-1595123,1638915,0
6453624021686134849,1831198,-191103,0
828436378156894876,-729486,1622239,0
4707809110316219552,-541009,-1857386,1
7864676346709262952,852071,-517788,0
6242532607879610138,1736582,-1358588,0
886000921852252288,-492921,-832583,1
-9027766682737504297,-1253496,1564417,0
-4611949865480614937,-77780,-1477237,0
5930608709020504147,1444143,-1230508,0
-5929669468516889038,-1407435,-374763,0
-3922691226813990435,-63971,-1161108,0
-5304395981436571126,-691037,-516869,0
-3075173266660719591,1263407,-1688908,0
2843721886496973230,-16670,1452601,1
-4000739573899060353,-123411,-1101674,0
-1528367122204576402,-1411232,-729633,0
-8168917990227122215,-885924,-789130,0
1061849025744724529,1025840,1590485,0
9182618079322940105,992387,207362,0
-6483769554401986576,-609533,-833591,0
589915393475739201,-466631,-40286,0
-5983179901149794248,659477,841110,0
-5501481966426760439,-1005407,1070112,0
-2864482185665737556,-1782976,-1586455,0
8225652525355978556,-1696844,-846149,0
-1201314189126548095,712603,1572853,0
7377482903585520843,-273359,-1560094,0
-7266569051200255999,-862226,-558927,0
-1907967664361981960,1255852,1418119,0
6904884050597676296,-88334,1175932,0
-3777189343644647971,-1815691,-19896,0
-3585652720995381366,71636,366936,0
-4677890571761501469,171893,-405912,0
-2807952912977949941,-804601,-700403,1
-9118548440316386997,1346519,707433,1
-7044572631020574171,803393,-1386488,1
-878563650467311704,-1541391,-155415,0
-1910692651184030458,-257656,-282314,0
714899815137871715,671218,-1194480,0
628067857631006703,364314,1516774,0
9196611181555987254,-840588,-453974,0
-310260873849316938,-289328,-205966,0
-4111274966290006606,-721573,-314522,0
-5996030344890172859,-690789,-1328971,0
5734824441395361721,-690731,-1367563,0
563605478863554841,1479325,1021557,0
-377082788791169276,916333,406597,0
8788821717702046659,-521107,-1768452,0
5216142457399350430,863112,-762790,0
-866580459605463958,-1173649,-1486610,0
-8284488360944610458,-170540,703972,0
1021779940712523848,690875,811144,0
5357300966000506514,802350,1601814,0
2316932801966648873,-1624231,-737003,0
-7653567222411526105,-438277,1799233,0
-3178701782394620689,1718858,549150,0
6032350368499765122,-544627,126768,0
-371359947300302320,-1492699,674690,1
-1196092593753540654,1071833,1715807,0
3558398810203191318,1482290,831966,0
2479274742626936475,-506630,-228214,0
3116029629891151134,-1011997,490710,0
5789805582893619764,-1543811,597177,0
6500382305713529178,230373,383577,0
-712654528217143222,1115811,608079,1
-135923606367720049,524743,-256730,0
-5916183543795100581,-190213,1160361,0
-7801961920249233000,1582589,-184758,0
6037935851203278396,-337689,-613342,0
454554267805072097,1288861,-353892,0
-1681018863263190892,566459,122267,0
-158665673633342740,-1082200,543528,0
-1470046709001013410,-1766337,1001780,0
2443549700455806415,-1409564,295514,0
297908978190263915,-862605,1010431,0
3506068014993518772,-399065,1140486,0
153428221345228765,-1691990,-146634,0
6126892686284542041,1207328,-57652,1
7633244514669144750,-1416851,1450369,1
4674707314147071886,-583760,702857,0
-135372733981169369,774171,1648329,0
3113979167630996921,-593591,-158896,0
-421892712956592279,-921173,264895,0
-396673726061247147,-968542,1457156,0
-323189633999957529,1423456,1733836,0
-8030646920094066066,755259,-1587834,0
-1627020895387270166,-219281,1574592,0
7227051629931012390,-1142665,-715538,0
-8869652298361651700,1084328,510926,0
6006126100799573044,-1331351,1337190,0
-5908378580701084483,1501829,-209847,0
-2580009876010593440,1872195,1737925,0
-3141008464859914558,-634932,983058,0
-4646953463411310072,-754239,1044493,0
8982613398260419504,754482,-59627,0
6759148603625067935,-990193,944486,1
4386134818624801397,-438131,-1274329,1
324525234380254248,-1496733,979789,0
1618977190725922768,-517871,191931,0
-4316217741789986113,760319,-226938,0
-7168543908626969388,57535,674431,1
6270200111222031376,365583,593742,0
-1690426553085155991,-1588388,-456804,0
1677472217120679646,925528,-1330827,0
-434381088832391477,-104854,594385,1
-56304425701925762,127420,1619395,0
-4712591039541981687,-1677415,-163370,0
4013787334697848665,-1668638,1529766,0
-6005060446805315961,1072602,-1164583,0
-4274588162451426962,1224571,1410173,0
-8541576654885123971,-1576155,-831025,0
8575971282261383885,167286,-824849,0
-5647590655639126155,352408,-823026,0
7560050335431948317,-1128868,-1029262,0
-402826155854626607,-1425968,-1783130,0
-1124189433264207593,263975,219526,0
986172431481154114,-422733,308193,0
2421499288629800712,-511672,-658611,1
-832012356525195182,-218162,-1103702,0
-5695664371731739821,936677,219254,0
6777776678870480091,756579,1275703,0
4856598299726130669,-474568,-320160,0
1476022001764973966,-1806052,885831,0
90091148414637023,-836730,378893,0
-553936037352867218,1257487,-499419,0
-8184591394327611960,-1042032,1307225,0
-3364011147438379950,-1752612,288235,0
6987279387434542680,-1699386,1330247,0
4231460604394240870,1759440,519004,0
-3649447270847790890,-813226,-1497090,0
-820155652011831894,490671,901148,0
413581414724069275,998185,-172473,0
-1293814135237890702,-1706422,945833,0
-5170354035754036587,-516929,-1473479,0
7908060207051898852,771940,1349880,0
-1290620564171412027,-411247,-1117601,0
-2763815647151649923,-1279450,1036409,0
5466755451741423553,1525464,-1559783,0
-4651315112467083636,1222354,706096,0
-2772163202236723149,-1457195,220395,0
-1510280381814921802,-23485,871173,0
487025405087393368,-1097526,-413455,0
-8540143502416985488,-1237850,-1358389,0
-5275116478057580671,-1415107,-1625192,0
-7938657622084882040,-1152140,1749964,0
-4833200026384241259,1033440,-1048170,0
-1218278094433111651,79153,283376,0
6428679999027359118,-111370,511110,1
3530703842171623842,-1221761,1405933,0
-926269379310606857,-1779390,846587,0
-2635763212384792737,1315626,-1045017,0
-8773438297937302155,-975308,1069497,0
-4133325944425067024,-553072,91373,0
-941613221156785861,64528,675223,0
7261101943399267396,-925975,-1516871,0
-6045964779282156652,-903809,411733,0
3101233300468929439,262094,-1583078,0
586621965220469341,1277815,-900415,0
-3475663270734244328,799846,-1686415,0
-3274657355807732345,921209,1551397,0
-8634424855203572452,-1852026,-1198219,0
-7407063056033864294,-395944,-389840,0
-905257353596729367,1295958,-711057,0
-7572278533116253651,1612979,1611398,0
-1543042005706771948,913419,-601222,0
794672635193925743,1338480,453330,0
-61543175021340156,-1598746,1854232,0
4903178028024359329,-1354022,-319025,0
911883429514874740,1538465,-1745035,1
-6809818003116592742,127846,-1029184,0
-2058291234224864779,-691243,-59628,0
6314207323195370818,-1631567,190626,0
-4809466034100443287,-240497,-1072289,0
-3628373666053330665,-1492182,168910,0
-2395207173696769399,-1444738,-1686903,0
396227422749665195,1837924,867194,1
-9020906416672908959,-256476,-433743,0
-7315267545341505501,1478287,-744819,0
-1217395595807298609,43799,1628854,0
-8491139579874087750,-449377,713705,0
6609885947625568775,1795085,1348661,0
2983016362355472700,367229,1134126,0
2990541414427118353,507920,-688564,0
6731735677403578763,-749905,-330722,0
-4809745281443470519,-638880,-1808973,0
8019158193488810014,1376677,1167861,0
4066026597089303263,1736786,-585248,0
-7625960181107938179,742294,232914,0
3577677647818097749,-1052788,63575,0
-6682802331193759290,684411,-303542,1
-9072175708818382076,160826,712385,0
1174534104185505067,-605734,316495,0
3953320893261443479,-256463,-593416,0
1152535610660295794,1719592,-1078324,0
-5212988550154667891,112335,1052406,0
2722545697500808307,-1193714,-1215362,0
4502802501279855803,108716,252318,1
4091436958721927070,-887126,-1220538,0
-3585780252839735864,-918450,1226584,0
854442685990229106,136419,1806748,0
-1139792009404834640,-947155,-496359,0
-8997517090793434105,-1336173,1646538,0
-6705202497474182590,-1090515,2452,0
2693656003200016517,1346502,-1198797,0
1112617506967391650,-1018177,-792236,0
-3018680852797869141,-1084578,-340511,0
-3840351780472769849,-1287317,-1826494,0
-2643447906603883191,123930,58576,0
-6501023481371406082,-1455798,-1358811,0
-2290825929916163642,258430,1393252,0
5692349407932189029,1006571,-97055,0
-3722318454961782630,-281012,-353880,0
5930453495154337137,-1560381,-791074,1
-794323725176053035,524713,-308794,0
6378097539477736809,-685921,-859945,0
7252174380182667671,1849816,756570,0
-2331208114874724632,1555454,-419813,0
-5534599802930002794,-613906,1676907,0
624966697675780959,-1231450,626194,1
3372179168313555099,1800886,980436,0
-9125899279845562736,-1204677,1572111,0
-1965167207675699707,-469889,1278077,0
219190325397302548,1536038,862565,0
7986161708738447172,1362507,-715961,0
6454754692258048726,-1589275,-686282,0
5263258750702241631,-968372,216753,0
7468325733890341270,129102,-1604065,0
-2853548903536316305,843341,137881,0
2899803077868719976,1440959,-1827599,0
4273908853301322274,1734693,1808549,0
4551102931138802994,-956620,272996,0
8151637832002889785,-1603461,1349108,0
4939228870531075377,962626,122878,0
7292705408558278921,359789,-1737446,1
-7348810235722798732,1395159,-1276687,0
-1148112752745733122,1599199,864982,0
4746531006981321312,1529244,1710874,0
-1203351512530894828,1286993,-298179,0
-2063417589545755350,1236614,1450845,0
3121097545168939612,699545,765749,0
-2226960214601207200,1679964,1367631,0
-2296522154664016771,-1625955,1820529,0
2951504773940700257,-616094,-482207,0
7260129205431640880,1233905,866868,0
3406227414287087072,-529777,-1395548,0
-7285926426312254269,-248615,372408,0
6407059161793507429,807831,1023079,1
-8722057319314266217,1246295,-906379,0
-957061969318925621,-1206679,466430,0
-5853909306101806941,80086,715765,0
-5306557031070703677,-866238,-263105,0
-6686643173103873554,1311939,904216,1
-4071947287654869936,1724995,-899285,0
7487150845260837144,719348,-614968,0
429857619322572362,-1241694,736725,0
4731594511679573458,-334010,-33290,0
-8341299056518112549,-399250,810051,0
-3237982406163957663,416404,668831,0
3704808480254158084,1049356,-606825,0
6103557604982777887,-399677,94347,1
34418044689292313,-886600,-1031575,0
2653587988672612858,1524740,545242,0
8120246586349120065,-1779144,-1520518,0
-2281142039115686156,1522748,-986168,0
-5389547621599298825,1199790,1601131,0
-5366591162515051871,-661907,725786,0
1175390630893965708,-1582590,1129998,0
-6424218719333797460,1545336,1614998,0
-5695262038152450142,-716583,811468,1
199803944660322386,635361,82679,0
-7246900420782339150,-1874590,1456055,0
7743279181204287717,1809320,967946,0
7511899838994601863,-705012,759433,0
7468972445541976650,485418,-1128382,0
-1958040953860499775,-1808763,-1506950,0
-7185205774668296581,-798310,-506220,0
-1488796455298316972,-602390,725440,0
8973075687280042247,-436099,1816984,0
1859627004675919366,1834729,1494818,1
8380058317055389069,-1053653,-1331896,0
7673557707534045428,-585178,884373,0
5728694155275064900,-227489,310931,0
1294903024670145037,1014611,584480,0
-1837769092833512842,-1381220,-1648913,0
8182042770412136341,1578955,929190,0
-1835093431613334271,-777904,-1482120,0
6836741975563133092,-474348,128674,0
-2074532501490478379,1457130,1699438,0
8929328474615552933,-1160487,-348286,0
-4888070641404550792,-807615,1432044,0
-2549416140134378281,-705771,-371081,0
-3997039629148265083,743216,546386,0
-4470175033579572017,1107582,-1214081,0
2875964535598733608,-489578,-701311,1
-4305245980595960076,-760273,-1659905,0
1072752862077121188,1601007,675777,0
6972373459516653570,735151,-363986,0
-2068922007928237363,711309,408365,0
-9140483793115097976,-319191,6764,0
-9023400993307524210,-285418,1091785,0
4414925521075494762,-55413,-531528,0
2051080797149267557,1003321,551695,0
-3874630715235297185,361661,-1622747,0
-7162107405819661598,1733041,1177236,0
4891085612707256948,468726,-1436630,0
-4065553369573219028,-1073598,763167,0
-4606713869088048505,-1418162,233181,0
-4055946443397006213,-1623262,239780,0
-1920614579314725428,-810943,-1269655,0
2282794612109978015,849168,636948,0
1219881265802346572,868700,1602811,0
-6233743996866753160,-1347699,-436498,0
-998671939008193695,1443310,-857776,0
-8624377617869281413,282626,-945312,0
7180321910625410108,-1802437,1285901,1
-5067533707129187276,-118445,-131737,1
3830115828227488351,-671679,1251576,0
-618229282243963944,375999,630189,1
9178615465946045194,-234647,-877646,0
3659333356568418305,975944,1484467,0
-1801572667071745844,591409,-1377754,0
-1012821027645474801,693908,1602697,0
8855382056537273934,412588,-184549,0
-7143515369585294485,1323549,862154,0
-4044879480069147539,-264602,1549263,1
-3153846116224638590,1133677,1713944,0
1737515675329972294,867303,1064526,0
-7195945950463488443,1715421,1443653,1
-5300677035190540354,-389153,431273,0
-2584613671615748438,-1401216,-468934,0
3882890579907999228,189319,-1474761,0
6776953880840176937,895291,-1528979,0
-2106950468628895767,-1395838,337050,0
-8779287754158952897,-1109033,851066,0
7441174950075267255,-1409123,161589,1
-536866978370777874,1190438,-1440621,0
-342320691648237993,-497414,-549615,1
4666027327935102779,-1421154,1621626,0
3152072998194736641,1537846,-764441,0
6493037481536909999,1698649,868508,0
7229976464593936560,-1862207,1770712,0
-6318989481504354089,-631775,-182807,0
-1618374227222730845,-14098,-1872406,0
-8569152347971814460,-272044,989812,0
-2256756327872290594,-201682,-1240410,0
2960754220198861452,157797,1648201,0
6269046210578643879,-269098,1214925,0
-5809730217484913209,-1794745,-1205832,1
-650516507355898615,-1771576,633236,1
2591161125403763730,-758966,415844,0
4614994210227770452,1783368,604839,0
-5802043450486372721,717588,1785417,1
-6751960688893386853,-895064,-737278,0
-942725782312823452,461091,-1736646,0
-3118908024252415948,-779089,1691494,0
4597218020879465527,-1636251,568870,0
1880659987392454460,335043,822814,0
7672468567893083833,-242061,-1817627,0
-1312483411065716207,1153147,11025,0
-3940833417536250600,1203083,1602683,0
-4705144613630341418,1007343,1612626,0
-5413046492673863542,-1610790,1127619,0
-831878197574655758,291352,1236646,0
-8750111500147329079,987574,1282224,0
8605603216042290577,114544,163659,0
-6620559688023254126,1400063,-1740744,0
6494459114117822497,1405146,-1753823,0
-6915610121761475803,641818,-780102,1
1100181896555157207,604678,63017,0
-2895038108882145080,673607,894638,0
-3656150761504848088,-1803098,-235527,1
4805561367835270724,-1835359,-1860205,0
6713514428174586448,23125,1818908,0
6046768380973549926,-1692809,358786,0
-7473289513281257010,850774,1835483,0
-1290277807361113985,1760031,1215007,0
4961705698040718310,455344,857014,0
7289353796238155493,802965,1692229,0
-2908797279457107938,443949,452573,0
8546639451680516464,332723,1521594,0
-2502446122157614143,-1768903,742492,0
-1117251456559809794,-1101931,930949,0
8343765555465629279,-942930,-737363,0
8724770567489388783,842984,610900,0
5300251462495823435,770055,1630833,1
-8487542315017320535,-1654819,-74490,0
900933982298627355,-957066,1592584,0
4380669772305356565,1647490,1034952,0
1271082793251675180,1156483,-834596,0
-1011912782839800032,41014,804119,0
4753917662133883164,1413471,-324714,0
4666678580120024123,1337016,-232586,0
532795575752217166,-901698,66455,0
-3418101480990106660,160477,491319,0
664002611305280361,-1649691,-901031,0
-1055436100448622341,245492,1113314,0
386432017413073369,-103342,-345217,0
-3119086218323990378,999481,-273718,0
-545437738433904307,905064,-1252874,0
4844221283879001645,-444222,973831,0
1446669047754252343,-720223,1160992,0
-8400488399911268282,-1841338,700098,0
-5152379427616809905,1784642,612921,0
3503829892328678634,-1115593,54773,0
-4399733896243060975,-1038917,-207992,1
-7973516047918313946,-186635,433720,0
613429620609751610,-1716898,-422524,0
6194645163753178763,-271666,1203464,0
-4488654757822247857,1105349,79642,0
-436157992425087569,45214,1524442,1
31584736197694741,111529,-1019350,0
3083211649811109034,-636373,-1071918,0
541474138553866778,1452852,-661006,0
680761476633283226,620619,-481324,0
9208767772072786731,-1723363,-434794,0
-7782678164745832161,-1230083,988003,0
1478392881902261980,-706218,-1560811,0
-7015976384354434849,-634618,1555116,1
-758706907330715900,140399,-1372406,0
-3714172077680900605,-1698679,1350716,0
1951703347017809213,335175,-1061124,0
-1622237937355137863,-233851,-1027061,0
-1328616636608379032,-950922,-1480640,0
-2239156573906975312,394551,-232246,0
2132037570723677223,1792613,128175,0
5450267390949489311,918631,-313942,0
1321513381679316834,-145296,-61480,0
4343718724663921342,763397,1681305,0
5602372084610477763,943588,-958162,0
9198216324642932554,-983580,-334199,0
-8267623183153273287,1479728,-904308,0
79258747191410694,-1151221,497054,0
4221376807058840697,1246305,1689144,1
7215729244245921717,-846588,-1047789,0
-786652674376286344,153237,1770491,0
3282938918287374497,-1288769,1838002,0
-7355906643460024078,-129185,145303,0
554786431954800919,1311326,-819764,0
3892270985183036135,-623587,-364733,0
-4131040333256835095,957285,725569,0
-5010052511184180200,856273,953719,1
-3265012794591393558,-1750025,-666723,0
2378459054533700750,626388,535565,0
-8659244256715249291,-63310,1378891,0
-1473934121530250732,1228881,-1656101,0
-1454421862181944089,-1293610,-899622,0
-8137886245474906952,-808471,1828972,0
-3191571375019761376,52662,-984477,0
7440202913856013134,-1727221,341289,0
3787850712030016263,-981876,477227,0
5019987332003239917,625822,-1401341,0
-2055862325462844669,-1849460,-1274745,0
-8332588768245607312,330784,994564,0
8824206469269254530,216856,1707991,0
667367422224332534,906111,750249,0
8164451558363841397,-1698291,-712081,0
8408365933834057314,-1053598,-373314,0
-5034870014491631918,-1402380,-1745658,0
-8442766195210430757,-529354,-1750992,0
6579418304557780753,-411871,816135,0
3825687054377799245,-1128236,39091,1
-7982539907781891664,-546374,-1505159,0
2129122811888400615,917327,-1367014,0
-311831736386876752,983578,-813036,0
6054656063066742171,1244451,-1679307,0
4334386778092134677,-560317,1264857,0
7024243564892324514,1794681,-1449384,0
3690692291838020457,-261522,-1398907,0
4877114122469380597,-1422972,-605083,0
-4852343193498172359,-1571968,-581308,0
5795076458180808149,-1592165,-1668546,1
7151540735065677463,329802,1305813,0
-1389363164035885757,-223049,1354164,1
446948492481778326,-1138072,-22096,0
6467744733436819592,847906,-1000612,0
-3190381417194006062,1387552,-82621,0
-7599508688486408785,-53247,-148966,0
5561204389353036773,-169239,1576743,0
8821785088414266630,-1061435,1826171,0
4812730065950894835,1350051,-234867,1
-5032015534611333727,521431,1790362,0
-3028352185181990881,45915,824065,0
9076653285195307479,-1743276,-1288431,0
-7306741028525561837,-795814,-527780,0
-8306478849821805629,1056039,-684016,0
-2244659361042460803,496516,-313487,0
-3054245714895228476,137980,979518,1
755611730197602188,-280246,-1630869,0
5651585342852987645,-876574,-574478,1
-8096453911224976777,1277369,-915403,0
-5582551235326833706,420696,-1483454,0
33556235434043382,-592891,-1341272,0
-6108337942001755527,-1284805,587905,0
-2141015976912109113,-440997,1051882,1
5766733385668561750,-402166,-1781184,0
-4608080259132264406,1653450,364410,0
-5046409662741351009,-1538071,1282242,0
2825429527464506982,446721,1835816,0
-7279349233783982132,1351159,-101349,0
-7825152424823582910,-512316,-1340751,0
7433576059498322969,1036525,-489490,0
8970370188169992588,-822956,1154267,1
-6687828429504082685,-1249194,-344683,0
-3183167457081797482,806157,-1490644,0
6365982776343386575,691344,-538892,0
4531265530002304180,-1126927,-1593699,0
-8939857339350480125,-1552894,-656675,0
5083482041955030975,733766,-1566902,0
-7711129013188360469,1009893,-1865804,0
-8957712813515144811,1048690,-88749,0
-5725190953087351275,-1146917,-839375,0
-8439091814503724906,961244,597909,0
-9080313800969234475,-117003,-601785,0
-404079982335309272,1740027,804644,0
-3309892113018620222,946017,816142,0
-7588711507469533387,-1707653,1059424,0
-233841554319233737,1569412,593836,0
-3227998239663920984,1780310,1111137,0
-6702290925554497069,-818104,-1269399,0
9088949320147700724,763252,-1108464,0
-6710373498186144775,-1093784,-667532,1
-8693165194012164212,-895062,-670747,0
8508533872068702289,-39605,-1438436,0
278588265254193004,181780,-1336300,0
-7830778527964928699,452771,-669815,0
-6896097116953624177,-854763,-1353532,0
6145448825496792965,1121850,-159463,0
-5878735063873428874,368729,1255600,0
3912845725802149508,-404862,1581090,0
-2691754397860691544,1036962,-702844,0
-1895624044264083208,1426212,1750709,0
6917338018783852076,1393553,-550658,0
-2839293446184007330,1467051,-26656,0
4757533028895703824,-1688017,-208051,1
9049959551750197875,-1699170,-128340,0
-5937209211047341082,1510505,1440856,0
2851873591596403644,-277231,970278,0
2500848301615991106,-1806880,-896679,1
1845473711713433087,467809,-1564213,0
8246840971529065789,-488655,728321,0
-2685842534276581432,-719742,489075,0
-1291431139112441867,-936439,1531340,0
2155549304032481765,1195472,-640336,0
6680653950624295946,-1786957,-1701436,0
1712543954354004970,456147,-1006694,0
7994238041148379939,-773732,902834,0
1189198398102192302,1090077,1133544,1
8117261296312660583,284244,1675386,0
6799620931073102540,-1779100,-1097456,0
-1538530635191537915,367903,127967,0
-5074448721485606621,1570028,632267,0
-4684356485058086228,-362609,509209,0
605907931103757143,-309684,-1024669,0
868052490106642451,-1504326,1136654,0
6267573197976507982,1257124,448436,0
-3768710141941112974,-1465073,-1634881,0
-6061941465462472525,-413655,-981998,1
-5384694433590306041,-175214,11136,0
-3479053825369180298,371763,-1278108,0
7063983154861659027,1060279,-988267,0
-1495175791965441463,728007,-754387,0
1539143850173314266,1808722,-2079,0
1482100884351008805,-621040,477138,0
-3245690229916978649,1623569,846444,0
-9110669589541803069,1573830,-81018,0
-7012462695140379963,430007,-394605,0
1927586487063228452,1405109,862734,0
-2675592003484152185,766660,1111780,0
-7568377783912547062,-712641,-1315076,0
-4956033101145990591,1469111,-338906,0
2139343850903538556,-1179917,-1564911,0
-6077751110194641844,526676,169201,1
-6131246940303031738,-860499,-573280,0
6604924256304087302,-1618571,-871991,0
1502138848791177846,-1469984,-300883,0
-2876783666447562928,-1072037,-1358008,0
-6853045566408248352,-259262,-885010,0
-4732771960307163890,335375,1130069,0
-8457044299098748517,-86248,1013586,0
2124908367775249323,-1325243,-34898,1
-4843003360674220413,1395483,1457561,0
784943229357266066,-1730010,-1140734,0
4713372459225078197,41425,10539,0
5251369671721344438,839130,233611,0
-7223766628869281003,-1771493,-156910,1
-6914249672393650677,1452823,136840,1
6019953327826931659,1349704,60470,1
-5459765898935311862,820295,-1006184,0
8552741200250420929,-1081958,-1326789,0
3445268560855433265,1863350,-1699745,0
-4931554891039083225,-1011717,-851988,0
1818638802279609729,13707,1440916,0
4277489883105147632,-992240,1717957,0
565111366388007422,-533410,-959319,0
8169720189955716946,368340,-1377108,0
-5309191677728574157,829918,997295,0
5257743577582589258,-71581,229211,0
2483062197464652459,1622174,-412692,0
-8531744290296399850,538289,-195222,1
214447407166174841,400788,125412,0
-2493415999472615495,6762,-409184,0
-2481758710599544399,1053481,1460167,0
280970445179805050,-1675512,-1152482,0
8104539980527376108,-306936,502307,0
-9221384275866879899,1333968,964690,1
8382326838896688840,1728314,1556977,1
3854306260508254664,-764708,1430634,0
-875167187224146842,-290002,-188664,0
-642442613953439304,364349,-813814,0
-7436462356801807893,-246622,558028,0
-241579433968163958,1663047,1628195,1
6217110837334078719,-1362869,745040,0
-7738986251806889382,-192655,-1674248,0
-3875210911718061231,-39783,-462310,0
3050909933462517127,-481442,-1002453,0
-8597151616427792624,-1671644,-432176,0
-1733381993918976716,-274181,1195515,0
4991684436637547379,-112852,1241157,0
-3536995221272432951,544180,492611,0
8633037429286846771,1073728,145464,0
2373097700290376049,361410,-621402,0
-6117898310774709492,-1551290,775030,0
6259837536035977882,-1551483,-874961,0
2122291541611772480,1523612,1659311,0
-5655477691477253513,-442383,1013652,0
-4888708527519245549,-1528197,945747,0
-6577273124488222591,1613479,-1665922,0
-3732440250557796016,-263969,-1460847,0
-357901375459452942,-54762,657805,0
-4328656515534164798,-1054616,-784797,0
-7717130730124247991,-568670,-1341598,0
-982567281123557956,1226397,-307389,0
1446542215815292361,-1349177,748934,0
-7895601097114033774,1323686,-628569,0
-7436432257740931591,1073991,1203879,0
-3365877793623671010,316500,488857,0
-872867268878881755,-298767,-696404,0
2345094370330088252,-1812493,-1544008,0
6183761221236951515,565311,471285,0
-1873233435456574131,-1418060,-518544,0
-8043355157136545936,-1856569,541477,0
4340105412595334072,-256453,-564053,0
8470796952349892729,450122,-220515,0
12681263232084069,1308739,955067,0
-4922317912345313198,1061042,-1783445,0
-2774727499054283456,461716,-825630,0
1444396775016560282,-1115382,589591,0
4929275963414071484,911340,289237,0
-3576558197533189195,-1700871,-327989,0
-1929146889957828019,1152704,742640,0
8723596075106370889,-910421,-907419,0
-7576626918211211539,-849508,1847113,0
7715298692193610433,1718725,1403650,0
-5268685861728897640,10351,-346115,0
687561276389071309,-622872,1238964,0
3110765711013909455,861646,-1041548,0
-1663601345501512992,-1580524,796619,0
9074973459522564633,-769674,-629974,0
-7059449528714189391,-693597,-1516277,0
3948448669515438206,956202,-1685217,0
3554231021469074874,425802,655532,0
5205371807024880394,-1677246,670261,0
-6106098405429309764,1081877,1395895,0
183637914430953040,1215506,-683179,0
2200558037792211257,-34331,154320,0
9087240681108585444,1802586,1356510,1
-1601547222635790599,677428,-1365509,0
-2841592147011047712,-1402420,988175,0
-6367749740125245562,-717972,-1165599,0
-1055121263831404448,-14642,-188631,0
7611556327329019055,-840097,948582,0
-8390471513386279930,453448,-1847612,0
7431987357967118089,-1071684,-298670,0
-2590593482775956362,-703240,41004,0
4554301965897929321,-418623,25529,0
-7752670318239842341,542997,1758833,0
5280398965060176491,-1520427,-591485,0
7793060459739182177,-1684818,341593,1
3893691349183508207,1646221,-1625532,0
222129431527126201,462668,435326,0
7977787594054240406,1322176,-1116458,0
-5117304926181876584,-184328,-265905,0
3948287027129722185,1556758,-362569,0
-4621086475949400777,-1255882,-825501,0
-8004733501015819085,-257851,-1152749,0
4575883922799159764,971379,1695929,0
5568938157055534274,857487,-1519368,0
-2740615847341591504,-1336162,-1560522,0
8437291099023087146,-550307,-1545842,0
4785862013447698704,1077857,1724332,0
8903454352617193697,1503945,1729848,0
-2278980147798287171,-536347,-1408687,0
4231812434888732836,1153723,296692,0
-6116070091569129597,1414006,870012,0
-4100494631454637711,-434586,-173775,0
-9070411152085765579,-1617912,1343678,0
-7879155810088033269,984860,1311072,0
5222422343219368615,92670,1801215,0
3245430894245704314,1587588,1728040,1
-948149318221146061,1768822,-1641149,0
3150811507430331528,-686301,1331890,1
-8618832480520075211,-790673,626064,0
7678704861649695812,-877198,873143,0
-3413133059247256945,1406812,50499,1
-2156500835169336701,1545898,1714018,0
667162884533220902,-248107,1346393,0
-4160472328530195622,834757,-710799,0
-8625834733239685790,1046689,-639693,0
9073822893699521189,313992,-760340,0
-6902276937531667790,-1233040,-1709883,0
5162895089276055684,-1174681,-245085,0
8419852977270480134,1058693,1285565,0
1082338459760903641,1270554,1521477,0
-5678641087391124397,757832,1106938,0
701154988819488971,-1333511,692380,0
3994623501311016467,1655241,-681417,0
3573245475360340293,-1788188,428835,0
-729752384716934718,-898017,-948671,0
-7663672675649229449,-307946,1371509,0
323702089071136098,1330961,-704187,1
-3897571382043195820,1011760,-1510350,0
1180531442758410744,1565588,-27008,0
8243153529312906259,23520,1658162,0
-2069299774421798899,-1755221,626767,0
249200699572431535,938943,-1429735,1
-8727209094550219731,-1331844,-79729,0
6244129302242666087,-687423,-1863808,0
2072285264172024683,1520941,612169,0
-6873129132829777858,-943306,-891885,1
357652700021577692,1246446,-100218,1
-6223098356659131780,-1655339,-626512,0
6250167962282405143,-1454193,-957800,0
-1731290002870506197,-1174792,546586,0
-11238019053630277,996084,469291,0
4616798484188306075,1349719,666797,0
1759525338527558377,-665726,-1021129,0
-4885447396513369122,-304592,-1417837,0
1905868547565974214,1598516,1037095,0
-9062685221768749748,-1296793,1467029,0
-5389057997291134213,-1135048,-361989,0
-6088764621402078463,1639183,-1114403,0
-1853812311480288715,385567,600327,1
7497714329662917978,905750,-1857918,1
-2672104892391459931,932545,813356,0
262459925243209084,1130556,250283,0
-2443563058254638208,-338446,570819,1
-552563686045038131,198294,185817,0
4626982083798221696,895069,1304400,0
4003723026329236089,-354585,-801230,0
-5225477613200441503,-228638,-1053671,0
4034951493397382638,-1570312,-1194400,0
3493264687450214757,500470,-1751826,0
2562435125792169312,-860984,-334750,0
7509439156249272017,-453251,1535009,0
-5299591334543926970,-245716,-1392937,0
-1012187624712174482,-16631,-462625,1
-211942452189264421,628116,1755687,0
8964987696634217224,-174559,597049,0
2595647679277911966,687230,1350817,0
4842726159181265906,557274,-961909,0
-364248777233709102,-77707,-504253,0
-7307036963489383039,-1697792,-761671,0
-6958035345836705537,1188178,936629,0
7850842093007200140,-235498,1662645,0
251971754436807535,-1619406,563605,0
5944790510819323891,1431876,-639246,0
-6381374957072057934,1471028,136025,0
-6544024003831697643,-1860826,1667687,0
-1377868601054948070,-41197,-1179188,0
-7797732430763778984,1228808,211804,0
-2490629626719856064,1040454,771108,0
-4565951491181440348,-582947,296173,0
2105390866909795709,1097317,1549111,0
7602776211811300584,783629,1782613,0
449333931259811697,758998,30529,0
8039906978590075540,374507,718718,1
-7546902680681039488,129568,981752,0
-2919789141145687010,1096345,-182158,0
-729111823772421552,-1779162,-15705,0
-9012027556412661891,-113470,-777029,0
-4566744083136415155,-1572918,-1704337,0
-691736463012445007,1551187,-1817925,0
6019562113483866149,977575,1442155,0
-667659115536731591,-303124,1594187,0
7966738697542364493,1744248,-1690047,0
-6062572716144369253,-1838394,1350588,0
7095643804376300153,1599815,1861105,0
-4691691626368529441,1430992,147957,0
461222286442452007,-118089,-684465,0
-7265429473357801964,-1763071,-684595,0
4402954462146711318,-753156,-1375515,0
-7833124186908897846,1001731,-984789,0
-4720396777382400825,-1774024,1459087,0
3168185079100306839,-913268,1196012,0
3396805186389176323,-915697,-1732621,0
4053854439114203539,-1150678,-854978,0
5530396767136661844,707823,1627646,0
-4343813438214183973,-1810153,1154879,0
2002274390400328586,1781393,665431,0
19898041664915729,-427512,-159238,0
-8085807510061893577,1094991,-399871,0
-8141912111399230246,1524102,-834388,0
2092141585792193588,-1729394,-1128196,0
-8927502235643531681,616772,-886433,0
-28073978653236198,-1057914,-1562523,0
8623427003073637581,-447894,343912,0
-3961476798836465462,1789967,-1592160,0
-3588964499770182699,1119327,1147142,0
-943630180454296602,344133,-1130762,0
2648385667439751212,321535,1342964,0
-3855593701493773227,-1266151,636777,1
8532559748812260364,652359,-1816759,0
424343918867489475,84673,622904,0
2397710214375961522,-850181,-913445,0
-5094478456117809634,611603,-1202424,0
7720657258289308126,-14013,-1356617,0
3441165592844732442,413921,-821547,0
-8728567143581393834,474772,1583080,0
6919099715787211182,-592259,374443,0
7254503651609868386,192770,359230,0
6030073617009354645,1553867,-1529463,0
-3948706573519388847,201069,662134,0
-2620395320592566578,1320581,1616728,0
4606397679444634356,-1848469,-802054,0
6516399565688873245,1809496,1745391,0
9169964434692502046,-799733,-488440,0
4775311837647774087,-1030696,-839821,1
-4791068938664499926,-1333395,-1634253,0
2414920784013156570,-1392378,-1464315,0
5147166594719947380,1065802,-659580,0
-4751964178287220189,-800624,1076589,0
7070446844551719646,1302445,-1315597,0
-3679484016390951115,850986,1303467,0
2553798889473064525,-1376273,-1658056,0
5260921485180181801,250093,756595,0
8448661019340580906,-1659523,-1303780,0
5227185931050074328,1366781,-1679456,0
-1650315280407784478,79906,-311138,0
8579509573977520995,-387254,1045781,0
6572609763867017574,-601087,171499,0
425211908122658476,-69648,1531114,0
-6566152818927775316,-1211800,-891791,0
-352613214123128358,-1469963,-1702694,0
-4068015684208106708,465470,1378610,0
4885815327903022553,-682916,906736,1
816519279835627107,-882668,331127,0
-3160579195412061736,520602,1371203,0
-8886332545891659181,1692974,16821,0
7805302071820533705,1037039,1326903,0
6220757192519991553,-1323647,-149120,0
5728660098068938980,-854504,32008,0
-3604653592766661642,246223,765120,0
6228403312786772516,-1566151,1308408,0
3107163270447067327,1698677,-1669224,0
5561408505619290312,-1713405,1634909,0
8725435624594720110,193941,-796700,0
8666865100544259796,1073963,-1827871,0
7365982635907884310,153852,-116336,0
8299926532570079117,-1087754,-1871792,0
7756276566541343826,776521,935493,1
6261721234484182017,-1816117,1529683,0
-1573988686196275777,-1269873,-774526,0
4396224306895462269,794743,-330809,0
1889731935889049213,-1316627,1329320,0
-4563653392880825324,1455366,953915,0
-3604142905018803534,11555,297541,0
1453722758124554015,-755811,555067,0
991793081895350791,-503259,-1540682,0
-6974878484742177352,-1519182,889571,0
-8597309947999790039,-1092647,1470188,1
-2389635905821312707,264080,1376059,1
-6041309879417862839,-1089598,-289872,0
7920967387404297171,998863,1244234,0
-692371874850717027,992630,-1704625,0
-5657144292511245087,773181,-1729970,0
-4518063816192184611,3199,-312688,0
-6763067117175693935,538481,1622802,0
6079755053372069574,228950,1530908,0
-8017278980662661806,1867493,-1046629,0
-8836249553139042918,1255841,-269463,0
-7943864140433185192,1781668,1522537,0
-8002432476374318690,935418,-1053707,0
8080237155124251163,-436971,1872949,0
2127615894051178651,27806,-780712,0
-6520221999716391468,1292282,693473,0
-8349338243063817122,-1071293,-362627,1
-2656671390825019645,-366804,1675375,0
-3181675914005868743,-1291816,1626621,0
-2027929167729033237,-1810541,1752755,0
2752202805579202687,-1378764,905977,0
-787969964779570156,-1476174,1096859,0
-8959900566249588469,-247302,1617271,0
2402602698083361993,468646,-1696137,0
4106263993711155130,-685665,-1279839,0
-4809410300095130216,701164,164516,0
-636449141169697300,257622,1086401,0
7179987761816101077,264052,539294,0
-2802327734966588409,-1232090,-1760985,0
-4311360497041660906,-711053,-102234,0
3705974736325213684,1345958,-670857,0
4908371699122531512,-1260623,1433773,0
8930425461786163104,-1356518,-1060920,0
-4709172291405763495,-654720,-1833124,0
-1179245412919430787,169627,-1072011,0
6843774926691695964,311402,-464142,0
-2347566524209367810,-1288681,-161281,0
-6611680935871776920,-792268,-534282,0
-5424151754244318946,-1167706,90505,0
2018243690401666025,-293625,-1229636,0
-3402353091490976038,1690068,-870998,1
5016091526305227406,1833518,-948031,0
7086991827908771250,-772658,-1352520,0
6765882399978507721,-1360828,1250973,0
3384839403569254444,-530389,135141,0
-8648354778130469038,-1148373,534109,0
1595959616922685521,1701755,503225,0
-1938354908238678876,691300,-209109,0
-4179032580689365970,212497,1489326,0
-5569437646111927425,1003070,-1399999,0
-5596422138062046635,1751994,476609,0
8310795768403791460,173114,-1194453,1
-2299884601446074791,724646,1099801,0
8929535986084923676,852159,-72043,0
-9176701528446866091,1837,1642975,0
-244153059246641870,834798,-17947,0
-6226488285270916506,-252399,538557,0
-4523856964604404108,1775053,1229650,0
-5864853267059281108,943645,-321368,0
8276442944775962486,219914,1604077,0
-4260123216846986162,372272,-779083,0
1834464984702256654,451576,1342734,0
-6909850125538902541,-1713891,-474246,0
-495071425225121831,585303,-936226,0
-6132015423281178551,-1312020,-920564,0
-6007535442295380299,134156,1263300,0
6147736054348560385,-152341,-1213726,0
-8403326061083056827,-310373,1775576,0
-5356393494235964719,-878638,59186,0
-87107604165268623,-1195405,-870916,0
6985862298366088177,-1504538,-1045049,0
7481732546689364707,1115859,332704,0
-1043444664605788001,-213382,1030741,0
-7270436817707084918,-888300,200501,0
3157173590481853595,-1655398,260196,0
-4114838143491848165,-1480783,-1124173,0
1316161627359764139,996305,1524068,0
-3753061103592422773,340481,-1141135,0
-9026140587697208040,-804146,-306451,0
-5857769866933432170,-1221019,1743200,0
2961480960501344815,-1072018,-98843,0
-3677816770874863556,-1546336,228113,0
-6069094432186926910,-1869554,-491224,0
-1210319819836689346,-498971,-738312,0
-549272034333165403,1354403,-1451678,0
2637044214849214629,393146,-403689,0
9207499992407878449,1265628,-368549,0
-7796657550552570052,-1760464,641886,0
159839607641798595,-59012,1697527,0
1236053867963042833,8260,-1329041,0
4992686191358879806,1135600,693024,0
6315009798676724216,1663927,-107915,0
-5842196410655099515,-1727115,114585,1
3987821242680721160,-591477,382815,0
5312579783494706178,-1378386,1747995,0
-1627292292619491045,-638192,-1044149,0
2899002713390084130,-618446,-1575614,1
-90488065372571054,1646166,-1185421,1
8500244307114199767,-11123,1625868,0
849710470212447631,-805245,1784147,0
-4150369538831653356,1535443,-985201,0
5287918502576212730,1237657,1113008,0
6569842532813803861,-736716,-798897,0
-2351584013101085571,393060,801341,0
3179241336224179732,1056242,-113641,0
8313842763969385032,819548,1600788,0
8433484245019214933,1598730,-924939,1
-2072198334878832819,-1506774,548339,0
7943678632075386651,1136829,1444778,0
-4060177725199116859,-810647,-44795,1
-7042378787785336592,37983,1660847,0
8731619009513556905,-1433347,512236,0
-1992696805536042911,1579316,-1604333,0
-2971497308564697287,336045,-1355447,0
-831312392380580736,1681740,1825831,1
-412204022767828103,784048,-1124346,0
9161810856887974241,-1545310,-753004,0
6683666985630678191,-115284,-1002221,0
-6319696467031235427,440371,-111879,0
-6245309648236485401,768595,-525562,0
-4489387902558197294,-1575237,-565188,0
-6690987873342115729,1220768,-1274764,0
8576272832751230752,-1307786,1664069,0
1126409719414186587,430175,1171488,0
-5011268103871589971,689456,924682,0
-8362735032793751294,-44143,156046,0
-3869119718380002781,-1083212,-1026892,0
-7963554444012873089,-960990,-1873850,0
-7411282213262249683,126326,-1042543,0
-5563990124446467791,-838274,-701629,0
-4942188324544242691,1063659,-346873,0
5130090516983703611,87163,243124,0
-4720625774073247543,-778545,1401813,0
5844329298763540484,444944,-728769,0
8552341649363141449,737682,1119635,0
7472448157788517049,-1142930,-465125,0
7112344379585669435,-1027497,242161,0
-3283254087898664762,1691731,197960,0
-4872699872695916832,219814,1479591,0
-3332498308935385759,-1110617,-1518410,0
3451615835758576508,1134552,1787491,1
5024731109709347583,1716673,-644655,0
8920132621453376985,-1608123,-427622,1
-9174832853702412323,-1726102,1721058,0
7872712944685627588,-1599665,-1128759,0
1788431963230151288,-1012424,-1356842,0
-4195522235246348401,-619349,-521943,0
-453200022416781803,163521,16363,1
-7491601140649022834,1076251,-745300,0
-3826817703128692934,-365098,1858891,1
-7816775783675393126,-370333,789201,0
-75665989324670925,-35675,-924636,1
-8687816925495129455,1617236,-389815,0
-8999921964684747378,-810466,236244,1
2212169266542873043,587157,-1325868,0
1500149650486905503,-1643767,-338659,0
8665876969689787079,-101078,-1860419,0
-5172606606556267011,-196506,969878,0
-4040035876778202540,-1769157,340963,1
-6401450610441288189,325856,1357239,0
-7101343279775789720,1154673,-1070894,0
6223395231095223632,-246484,-1302716,0
-3993628980792173195,-1178149,-595131,0
-2673481889162549433,-879382,452153,1
1322826211008525551,-27877,-179525,0
1143263495271191696,-1793299,-432797,0
3231614279257709519,-1396161,-477401,0
6431274121850926997,1513402,469391,0
5473628086423696403,-417793,-575253,0
-4172000332671418106,925091,1590083,0
-3223360408191093189,530391,342822,0
-6804571725554459563,69942,610128,0
7337245696226868686,-1524735,1351329,1
4000474287767045179,943751,-1693123,0
7958108616438900179,1809052,-1859089,1
-5858441990784391375,1838929,-186438,0
-1735307591150013095,1356483,1185314,0
6893355705519332344,144620,1017903,0
-4167518852239402001,-676465,-1868596,0
-218216103471847918,838621,1242173,0
-2142754587827093972,1145223,493346,0
3915116078630128198,-734705,-1188157,0
-5415014125939617240,1680189,649023,0
4448920827507225376,86076,-1077778,0
8892397498258639873,-605619,1238135,0
-4988932332063971986,-1324198,445865,0
-7039957222589195688,1063275,-1546172,0
5008395772911682756,1327397,-1228033,1
5672147664136188625,1470442,-634402,0
8642485735837542393,-1295947,1227724,0
6685566312001154710,-1278648,-1745560,0
116226916066360744,1146653,-1743829,0
4000160806206437077,331922,-1225203,0
-1229345085360488272,-851593,-1193051,0
-2201474880908803779,1061611,1416451,0
-9040186913498317643,-845788,-676786,0
7351595958097616005,1573065,-1773042,0
-7753315598283005284,-344225,-283223,0
367094960536620262,1449821,809966,1
7476712041720966419,-1067159,1591898,0
-2654029988805986148,-492677,-1625522,0
5622651713527272710,1439021,836223,0
5059688346295542888,731213,-1634300,0
4190831950906349099,1691604,1414957,0
-6328842880617381871,-144745,1762397,0
-7118916228613749896,-1594051,1000091,0
8173057599731925726,1832267,-423343,0
-9074019885984126041,-571024,61788,0
-8142618622048053218,913644,1521669,0
-2042250227054326343,-398623,-1527482,0
8154055824066616224,64870,-933684,0
-6494852014906581648,1076721,761273,0
-2259884258599377349,-899537,1665963,0
8014895488181131219,-443947,753352,0
-4484256964346549689,751293,-1429593,0
-2442079998735734866,-1277874,1114847,0
-5319139155852943326,-658243,-127899,0
4157914760251628047,-314517,-380130,0
5106955140796121773,-1649336,-733743,0
-3723408782690999606,1053987,-383882,0
-2178887468153906227,1203488,1677374,0
-8522879031083568906,1361692,737028,0
9158233899307671786,-1353835,-719406,0
-9127895979656473746,-1513920,1579490,1
3768375482793484146,-1274030,-1835380,0
-2177847792290173615,-312931,1827943,0
5987768657519130967,-1817903,-93222,0
6784733086431875,-1621113,620996,0
-787096066369982067,-42965,266821,1
-1565258270563015638,1338767,-1270645,0
-220100258296919923,52335,1370778,0
-8481405368217508559,1427211,-332350,0
-6328648564099520299,281519,12780,1
4878432189374676680,1737392,-1667780,0
-4264466671847890074,1437014,215310,1
4851433011301055714,-415626,333165,0
-9175034352432071611,1767845,773391,0
7913176436092029621,-1553097,291417,0
-8068449131526846726,-468705,1853025,0
-652046736959826114,602991,-1689846,0
1999090701137122068,1658545,-1742246,0
3530031146999269819,1423359,161641,0
9178214445123020962,1153017,1396591,0
1190706962539185710,-242376,-1527165,0
7028241057650758843,-723011,1539383,0
3931442942706713057,1706278,-1529586,0
1861070726805882360,1566946,311983,0
1137728405316626397,999288,51890,0
-6276374486190933771,-1425881,-1511294,0
-4805455643310174863,-685844,707539,1
-4572367994556042029,1503216,524314,0
594306087311423153,-532867,465503,0
8857501422842927033,-738706,-1298668,0
-7565995961834034444,1844807,368888,0
7580803912711074638,416111,1183331,1
-568181224695375530,-1100438,727469,0
-7830271728992011967,-106955,654443,0
-2595475883611402956,-297174,93106,1
-2617754182724110398,1185397,959445,0
277361405994742450,-1553705,-377487,0
-382940542634662394,-311077,91537,0
136157073852246840,1777188,317513,0
-1153184011353341754,-854420,899684,0
-2070892718248742415,962066,-1485627,0
6298103064653067968,-1181764,58680,0
4786603655923011659,135088,-529685,0
-8521615301915826891,1212281,-408593,0
951015491439059577,-38831,-1167084,1
-3268417187960183703,-176990,613986,0
9166107348940303348,-1288022,-86176,1
5592932686774101031,-228232,874708,0
7984970022600604662,-1546452,-767237,0
3312803936615061563,300669,-901084,0
1129455348274635261,-1694555,1401211,0
5655846265867072757,-1334006,-830235,1
-4942668587868261810,-514507,-674143,0
-1807412009810740308,-1855155,-103829,0
2747793874332785264,1679023,-250840,1
3362466081702991673,1218410,1604709,1
-6784687948108528211,-1072087,-1744177,0
-8843516021385082760,555042,838139,0
-5129533109687168620,-1492545,132809,1
8252405290002162379,-315621,-159705,0
8398878838156120697,-889326,-1004972,0
8164218992584153238,-391057,266843,0
2020631051157022708,1596415,349204,1
108904951079868356,-51549,-1158504,0
1234174780492636510,-874799,-1299366,0
-1244081474126137792,1612709,-1730632,1
-5009212756293307817,231261,507140,0
1325716318852689533,1029978,-1406868,0
1472184551026177859,-1338525,-1007119,0
1844474175816149999,785365,793509,0
-7460926066417645112,-539085,-1278010,0
-5707864269019248,-674510,-451903,0
-6313802747206507183,1633230,-1371967,0
134662583691678812,1798007,1713814,0
-8117653399558874226,-913913,1629509,0
-4415410703635768363,-1609132,1411431,0
8663300879180503282,-1237184,-1244626,0
4825950022191966847,499303,-1091084,1
7929796052404713780,-1672099,1568745,0
982613459318180965,517867,-1171931,0
-7460142491225445426,-929669,-273910,0
-5469600650354599533,-41975,1861079,0
7750454529988798593,-1447708,-1824240,0
5280218735505666713,-502753,-400979,0
8020030021385565135,-1650768,-805066,0
1031568715156770063,-290528,817311,0
-7451773696614960256,-1822177,1466772,0
-1441917784944783349,-198435,-913107,0
-1537455822998891746,-553876,-1467447,0
-6514065174407937876,1865762,993764,0
4414419569999755384,105295,1237743,0
-1506237807281488237,219858,-1056015,0
-8007221860210735069,70795,1773176,0
-7956689226343018395,-785487,773526,0
5760139223644781044,-1288539,-1297860,0
4791691103867863114,-1631962,-1167667,0
4095479259892170119,-973539,560162,0
-2075813116619257743,292088,-128950,0
8217699644157882043,-1860928,540857,0
-3488919223477268598,1666473,-824173,0
8559738307697859124,-905213,-1639688,0
-4313604061415148214,1699741,205672,0
2308419504830288344,-1506026,871318,0
-254316593878454549,-66829,1257656,0
771399957117800786,227949,-623696,0
-7122715184618671191,-1346559,1462032,1
102353499172713107,-1738464,1436745,0
-533379528771176122,-871305,1326263,0
-2507666373132111285,-280781,-508753,0
-6907715714117451642,1730388,-488567,0
-8801632018376145804,760817,-1799712,0
8906756154424291764,935789,-1201554,0
6345115523872471240,-1801043,-1499090,0
5986639693690325276,726763,-827323,1
4346278920998334278,254086,-685032,0
5734223265087787918,726033,1616674,0
2833358765297032369,-834055,756029,0
-515433688356341022,-1367901,-149713,0
-7970889163972452591,775550,1717257,0
2276717994660651630,-1665800,-129282,0
-5766897355889794512,1230969,-1487428,0
-810315574481742958,-1009061,570981,0
-2195015800093780963,703803,5978,0
5161031670338877996,-849700,-433114,0
-3952059038205810259,1719477,1472392,0
-8790047051659103964,-1364381,1223937,0
908668704018412277,-235102,-475641,0
-6721144626996076830,1394622,315713,0
-8860071442818793519,1004868,1735949,0
8645025375824470482,183956,791918,0
-630597759053933471,1651378,1522318,0
-7738653221373162265,-693488,1194448,0
1600223177685118342,-1373862,208809,0
-6614357372544125930,-1290509,1734959,0
-6377197970784922263,1520292,-1577042,0
-3784758389881943850,1026848,-1605544,0
2206736357347411957,-730875,-1544908,0
7163799273940993703,-378070,-1262510,0
-1625017895655692456,-1223712,507272,0
8593811899380805511,1638734,-861696,0
-776436672856342394,-1390275,1238084,0
5345044238180243582,-359961,-430158,0
-6272251459955613770,762842,1222569,0
-927686508772096492,1844892,603610,0
-5833906455687318301,1835989,758840,0
-3567302467870140202,233869,507347,0
7886590875672676428,1847698,1068652,0
2184364952822401493,-1215278,1589147,0
-510752805473779980,1393634,-688530,0
-5533843248913762522,-1785261,-191303,0
-6570703857665364190,390944,-579709,0
-2208424415751012253,626408,-1374293,1
1066808046243824867,-1075050,1560576,0
6210636666829386536,1388288,759907,0
-6171818860856641917,-1368152,-176103,0
-7166322469896075369,1750145,-825869,0
6749181829639506200,758728,-1072840,0
4499465826331978964,1305181,1408574,0
-5274019693138647817,-944862,-1088443,0
8995083934956447114,-1439079,-1632404,0
-7142797775740880324,1709619,-1063769,0
-8724297207822912411,1473262,-1365207,0
2775245105577178439,-387904,796462,1
-869869504462989162,509270,-246320,0
7803150053219975994,-726933,669311,0
237103798718978642,1418036,-901926,0
-4427662896571521412,369476,-1310143,0
-3397895116642785453,1248385,1281734,0
-4334437138920432840,1360317,416632,0
4280623638872964949,116027,1690401,0
-428662371427202081,1283903,-1179579,0
-5353884853986840422,595255,918794,0
-4486001978566978142,57371,960668,0
-7297776697919576985,1662535,-753644,0
4072560434368781561,1166294,-1172228,0
-1738517828319233147,1355012,1644152,1
-6614206704948497890,1823935,-1050365,0
8104097630565579457,-843990,-664922,0
-4158893683088849517,1478613,1715614,0
-5225247617589213332,1413812,-815708,0
-299360134470947688,1556961,1148797,0
-7086645395290328101,-195574,1690331,0
-2305785089715292747,-133309,1430067,1
-345517519877628952,-1166724,979875,0
7173265140414516535,-1184341,117386,0
1004138723191918959,825106,692684,0
-992145112776117846,-1771649,1004847,0
6729240809167919314,1847238,734113,0
5405042770778093668,-752107,1475931,0
6361303643075245430,1617965,-510661,0
2746073263691440634,465989,-1699611,0
8613349232730064452,-1166979,1097344,0
-6860639656690483511,-1100490,904884,0
2628207048915710505,-1704016,457893,0
-6046803337432308882,-1704898,-1216827,0
-497841660840401770,1450308,-1272862,0
7564237607873457486,1599573,-736059,0
3634986394907138560,-442538,-1696587,0
8195545018477680399,1567202,-784565,0
6237543428615371873,-1471702,1702575,0
-8256810855359898339,-1587730,1126008,0
2337217999847460789,-1342325,-1861029,0
3435658278771880486,-996048,-1820001,0
-4758190172605878658,-1165030,-1425666,0
8396542310641927070,1840024,-1817832,0
5546780176688354881,-1688506,-1334839,0
-249770410105565636,-474398,-671921,0
5591972284565685255,334534,-928438,0
3148277958586712699,43930,1214666,0
8194010070292144349,556073,-993552,0
-3316067161748997862,-39460,-1259815,0
-3878912578621129132,545367,-409760,0
3618858165006989213,1376101,-1782696,0
-3167141244734135551,-1772559,-756296,0
-5700242563108518711,-1719419,-406637,0
5849649032524506878,-1060121,1870119,0
3595968758666464556,1727678,291872,0
2925458909060030567,562501,-1706134,0
5876291800442476434,-728090,1664910,0
-4270111189934252066,1125525,950397,0
3611899187036539281,215582,120727,0
-8753467511663788792,1648657,349920,0
-8292429247427593218,1777806,276543,0
-1323891696950267122,1112284,498094,1
1338437615328255862,-1847456,-1817409,0
549050138895093021,-192484,1827846,1
-1044781413943604815,-1413873,794160,0
8577003123369808958,-858403,2679,0
3639891201192298426,845606,-1729953,0
-8757771611482838611,-1464712,-817198,0
45943247517917705,-1367567,-466705,0
3076092679765095002,-152026,342484,0
-8074145296725922757,-11527,396142,0
7894504233876101899,-1114066,1760018,0
-72220118407457567,1670810,959161,0
5802425443654559420,-1785797,-1491863,0
-7548212764176707586,-339319,1419183,0
-1458005145060753125,-1084881,-208366,0
-3112333134883434099,764512,-594771,0
-4375579529158844149,-645230,-358189,0
-5987122319989827591,944977,-1242742,0
-8176780822642115807,-231615,-647781,0
5104043901585671843,-1677397,-635958,0
-1189970044126198742,480385,329901,0
6858403900054294624,118417,-1417027,1
-7052225146937310301,1102297,-330370,0
-2754463142709480968,1726869,-1310727,0
6750073016840320575,-1090481,1352293,0
-7310091227675181912,287496,420075,0
-6255972597369814939,1215425,1373324,0
-7336862719409016671,-1452098,1315053,0
7299506772717154480,-1286349,1004630,0
5717195067388635015,-914772,554038,0
956510844279296621,230023,1141265,0
-1017667264750432526,785128,-588633,0
-4506662963193901024,-402073,195508,0
-3369978656864079120,1330291,-1046107,0
6195817580803352063,-1096951,-1849643,0
-871323933766428543,-580662,1680477,1
26253624085505141,-23400,616588,0
8780408052443211802,1575310,-1429757,0
-8423862508176194911,-661060,1160757,0
-4035472962544064477,-1245158,1370081,0
476064549109121236,302617,759825,0
6295879212350867321,723672,-987879,0
-4099683551124251881,1068933,-869479,0
2199177151314950124,-364026,-1867983,0
2244315134581132195,-181563,-1124000,0
-1145055344606455614,146528,-1473154,0
-5837171134997914266,366301,821759,0
-3026536841430224590,600402,-1303930,0
5843585709321784965,1647446,1237960,0
7216425321041443562,-1059079,-1290595,0
-6611212063454723372,-283904,-352992,1
4258869147937881226,49403,1712299,0
-845726652101867936,516095,-1438793,0
8501720539380986919,-1150069,-1422947,0
-3877704145722056730,368008,1776239,0
-8345798533753548343,-142450,-760078,0
-4795115494655413415,-529194,1402958,0
4840802222830141933,1159609,940245,0
3997956679389672544,1335583,-933685,0
-6249118704379246589,468846,-1259230,0
-4932401010863511339,-348744,69996,0
-5330474641725773583,-741764,197158,0
-1366612689588192441,-1174240,-1797482,0
1852614462618199438,-112022,986896,1
-119775479198540423,-1740529,-372037,1
-487588108141378264,1872645,1164473,0
7712944985056574177,-546496,1524736,0
-3449632613647175681,1131378,1211113,0
-2296837484246893783,1599466,-1796796,0
8548845642470382023,-218997,1153154,0
-190306020160531278,1369371,936377,0
6203173917314530346,1754436,-1149166,0
3105644190260162316,1594490,1627491,0
3020207327902785860,1042186,1701942,0
1740363053157111168,1578605,1660960,0
5200007766588685861,1718079,993204,0
-7820490787014248058,1787441,1222882,0
5786235853963910483,842653,-1784233,1
6756247665315710287,986528,-365617,0
5445219240525863237,-1072087,-475045,0
4565598833352277564,1121463,-558294,0
-4729876547699792151,1703300,-1255940,0
2801204157972215652,-606548,1789395,0
-1854553716830851042,1488412,1276573,0
6159990745594893330,-1171381,-408060,0
7258884442058604091,796393,-1871480,0
-6489032743492462011,1762315,681039,0
-2116593921895779193,1149199,-1852023,0
-3777295615332952785,303664,-256233,0
-3679283865482913090,1508923,-1743936,0
-79827335224916041,-1789250,-1082723,0
2853802021106923410,355110,-596951,0
-1327035866357846281,-505383,-443927,0
-7556551588874650840,1400197,824210,0
-1438335597660187458,1356177,-1685663,0
3342915645015406999,1423273,-739804,0
6241907525407126030,-902016,-160611,0
4751964201804445037,-677735,998470,0
-3937974419232202337,974048,-1611325,0
9124443018484611625,1381925,-1859884,0
6105543805022954075,281051,174076,0
-4228869700673435966,481807,-490985,0
2227099424264251872,-156723,160501,0
-2731155654747240418,951929,791057,0
-1128474680245713151,-471661,1637924,0
-3941952624454933604,-1563319,-1094606,0
264346913864291397,-925661,-1411572,1
69811076645638539,1552645,775773,0
1191956604008659559,525441,1389672,1
-9082744109484947536,-1020385,-687265,0
-1046170937655278892,992520,-1546717,0
4000818615309366212,-1770783,-214097,0
8439407847663532592,1118059,1035693,0
8734216045139527156,-140095,480532,0
-2063128880464796975,1325675,-463963,1
-690794832066213025,1496826,-261290,0
9175449949557356354,-1545901,602505,0
-3476161563421108068,-1077443,458962,0
-2948942943762727742,1192805,-1752922,0
7958069599664751665,-1272572,32681,0
178761903709709762,902039,67729,1
-4760268206474890979,-1693496,1469230,0
784447884350833771,-1391793,-838164,0
-3975056980843796145,-110891,-943074,0
-7694964863596950250,-1286610,-1053983,1
6750131743199971372,-1544855,-303259,0
-8019652286873442095,-501734,-1236186,0
5552989023365117197,-1118701,76285,1
2062585826896730081,-1752881,857170,0
462572739932810686,-326046,612046,0
1109579689862882362,521787,753089,0
-3088054265147678463,-1050168,1507041,0
-8494216257036180471,-869242,1182973,0
-4317782836502750967,-1168519,-977030,0
-3789449220720784341,338663,517512,0
4142353429764781568,442739,-600215,0
361253496693756595,1870679,998443,0
-5620254833749870463,1142303,-457106,0
5738600717479256424,1169289,531594,0
-7116811269179548642,-8425,-347193,0
-509528875196393404,1375504,223230,0
4824996478427447771,-1376337,1297809,0
5734101164019425270,-49714,487998,0
-4313667112449299791,-866219,1361752,0
-4471754952158540703,-1001790,-478054,0
-4674128135257554420,206675,1552507,0
-7225827379727888613,-1545658,-980311,0
-2671656505088427954,-1284550,1608181,1
-1188947435239179793,900099,-1007754,0
-9141430503567397558,-151601,633901,0
4701785906496786779,387413,656905,0
6572376643319556809,72371,-919543,0
6276467484185784083,1871451,1809445,0
-4968660735432691960,1502626,1844167,0
3311653844022719612,-1291967,1304687,0
-871714354804111560,299453,1854967,0
8052647631453719858,882797,-1726624,0
-3715309566355293699,1206455,-1503699,0
-1047393662345674366,919651,842836,0
-6980325289708797456,-1270539,-1790426,0
-5824950916877608720,-1121452,1239421,1
8248024715045607453,1128155,-692918,0
8407833212638252211,893831,-209061,0
5669537901991038597,892753,1835789,0
-2180547920475698636,-1036160,1782426,0
6550632705614101149,-1573505,741603,0
-4571612844904233581,-320936,-118124,0
-2884062873214718002,972767,-1004644,0
-5308859299062440926,416321,1236229,0
-2068441213270717965,-1139881,-1535673,0
3247257478597789416,-969253,-484298,0
614579348673136606,1114326,1851640,0
-669401394839839457,719910,-216299,0
935924082412352979,1620206,486238,1
-7963263402031454539,-1107568,-193490,0
860796552567859210,77994,73007,0
2731494162424118991,726103,-1153887,0
-1201855971640916687,-831920,404579,0
5688131585017628226,-1245303,-145035,0
-8327910397945503511,-258625,1535534,0
9020968891466327577,-402461,-10907,0
3511139400947066436,-1575905,596269,0
5632473898998882834,244804,886805,0
3948040409016963662,-889404,-955463,1
-9157928657545004256,762448,102422,0
5757444333721304705,-114396,-1010032,0
5304651838642151914,-1414978,1259215,0
-8430196616091550898,855186,211486,0
-6481765850842744501,966307,-1869825,0
-4181829660350940517,538005,-1862104,0
-233056622894585648,230513,-177689,0
2468651189438040640,4192,-1369587,0
-4497920436580679875,1866179,-700780,0
5379798491726306953,-1232506,963103,0
1276352531549512968,1646915,-506223,0
-3206420422321492809,-394795,1015765,0
4219496195866189532,317165,830265,0
-4356750534702951041,-1551274,-1330525,0
-1870251568798965736,1834718,-224549,0
6885235490203459465,-1719694,886564,0
4034644297714675022,571841,-1128211,0
-6399566726149701134,-1248627,46355,0
9220629508837723844,-1820235,1311416,0
-8237198932232716598,-781725,-1414219,0
4862531439924433654,512842,-1765878,0
-2488548705029943913,-348121,-56538,0
5524651831795343634,1168542,-1224361,1
-2179250524574853679,-1819063,-1873308,0
1845628606189280122,537206,-1746774,0
7330792154472315236,1003654,1342644,0
-9148419439705697722,-1481667,-1103580,1
6112221340972986161,189917,-755682,0
-6835923791427009089,-651242,-1079315,0
5486971331004149132,-59567,-1037066,0
3857431385628653797,-798322,1164113,0
-5094410720019929921,-459892,659951,0
4746530627325760491,1738695,-530537,0
-5267088982447257210,-542421,-1639995,1
-7610304309499308363,-1805537,1821727,1
-5504043030493712494,-1677687,-1498601,0
1473411626850196321,1267569,-1693475,0
1481858453159752710,-524671,-1196540,0
-4534425100719560517,-1517566,1074870,0
8098745603465361405,-1012500,119323,0
-6648889255328672569,1822709,511151,1
-5451185345914967294,-834370,1503045,0
2883679427884971835,-153755,1679834,0
-9141144177726233194,-1271801,-1499275,0
4111364202816826370,-1831932,1680007,0
5870525219368784813,774303,-180481,1
-7667277961502808646,-1345540,257102,0
-8613141096671809743,-1028172,-445419,1
-1423206535899459529,1023657,-839884,0
6519007621852809854,1177849,742809,0
2836378908435022590,-573847,409048,0
-7003709266640606492,-288576,-746233,0
-1127488698276183094,465393,996965,1
-174264728196173015,97399,1866267,0
-2695286781878576885,778638,1734500,0
-7448012062501626364,1681,1463648,0
-3013921377748439966,437110,961165,0
4835289322768517283,1353004,-1851875,0
-9002738943936496345,-478724,-1189531,0
-7545879595719439066,367296,-1702366,0
-4787197793741626653,-1419781,-1294453,0
-4699399110164353759,-380831,1041250,0
4977361691168219094,316235,1572973,0
-8277370316801864674,-459259,257762,0
-5873784543490948238,58877,-1321576,0
-6829199251490342375,-723571,1048465,0
-1455189290351649570,-1828252,1327987,0
-7028507174559347198,458047,475227,0
-7867056667067859596,1030797,180240,0
3625545714127474751,1544459,-227771,0
-5414167331497063613,-896601,-1200910,0
-8666315173616749273,15046,-1051091,0
-8504137750540819571,1581536,-1332168,0
-169789315528890489,-1287752,-1191739,0
7648501560476814666,-1584123,832847,0
8243119199250719521,-1025771,7627,0
-8125592350701126748,1483966,-378763,0
4177325126725476137,-1718324,276486,0
-2094022128319995783,-1614628,-170766,0
-2216140544653719354,113888,1334883,0
-6063943681770713380,821488,997226,0
3796669113987927447,-587732,-1152633,0
4994640626041433492,935018,-1375667,0
-7115841795731294677,-1194139,1320308,0
3311208122760116636,1379027,-1737784,0
-3869547499273219961,-558821,1383170,0
-6863419555593021279,-1725662,-98965,0
-3752404719867434331,-1199547,-224925,0
-7118110096102261881,-45765,-882038,0
3813084930333990127,1692341,1476050,0
-4967982253221736219,-108709,583470,0
-7477756259293207352,14876,-355344,0
7367319139786688388,-1090958,-1490388,0
-5059549175314493693,-1460412,1227124,0
2920763804546621667,919327,1227807,0
1651876763149054570,1213760,-218391,0
8485240483792982966,613263,-482774,0
-86573254783190472,-168454,73809,0
607476046660501091,-1800320,-1474092,0
5731194085197037727,484249,1691008,0
4363582363930634628,939603,-775084,0
1229045866008197444,1664625,-596561,1
-98433180310611353,1248181,909114,0
-7872897632311678018,1351907,1281950,0
-3082257471279434351,631767,-446613,0
7307883528431140378,-1727317,48896,0
4874543321549975863,-1625503,1593231,0
-8695111750733213862,219197,1130850,0
4943516396054157251,1589660,1752301,0
6634904996030620145,-1721831,-1087275,0
-2030061240639923627,171600,-804118,0
-7590190966041536952,-1124166,1798398,0
1012254458829566783,1444889,1792843,0
1164792525092484413,1696366,-1722973,0
-8727551140568852344,344069,89578,0
-6798806609842648417,1724288,-984861,0
-7751853521663656342,-237121,-241478,0
8959805714387980211,-952452,1334032,0
6387132912182618581,393093,-1204511,0
2825972586954368434,1512089,1349844,0
63870359546204906,1854814,-41651,0
4426891313142718536,-988977,1337743,0
-1434822559708489856,-75580,-372516,0
4997689773677568023,350313,1603333,0
-6309565293167493726,-1557384,-1330304,1
8940117656887524658,-502663,1636175,0
3578823238983665166,964844,-1718610,0
4439185046931898786,410723,334233,0
2969426874672025272,-1344392,314995,0
-4156127205037444123,118828,1493015,0
-2750252273334270651,-924989,1350560,0
7357679036299063658,1831678,-1837619,0
-5148478309759915631,1636631,-185072,0
-2133029831164536554,706321,1301330,0
-4835451446105907159,-618200,1475032,0
-5753151305281698366,-1448574,-612846,0
6547251574474822865,-332174,-1599253,0
-2067247540504635206,-1004012,1751203,0
2385456658211269888,800411,-1403089,0
3262406996860392511,1162034,-1475879,0
-129943088119100833,1750802,-579313,0
618709691064223238,-441954,1120878,1
-574840519784276658,-78324,-1415380,1
4307526636718031288,-412131,-481947,0
-5718778395760261281,255183,1177715,0
3601282592057830256,-1684120,-262894,0
7792348254127623641,-585220,-89797,1
4892640904473104960,-1305735,748017,0
7740316849908046902,-65848,1112815,0
-1138421717958387028,-1412696,-1480324,0
6325128380359513765,-1692986,-1819220,0
3342357462063954221,-327430,-743588,0
3159248743172209801,-1854401,-1755866,1
8912202519953308847,420398,-1801867,0
9096695872880286456,1719215,-478561,0
-170282799018170093,1193327,-1423842,0
5976203241812610876,-985622,1866948,0
1896402282573373870,-886720,-430499,0
-6899929389124445866,79325,979849,0
3628555391352759240,1139235,994801,0
-8871598321837261194,-596454,-1465228,0
-4808999751970664162,1050304,617333,0
-4280338620749563004,1177294,1695307,0
-1966847850306188703,164212,1290513,0
-9135506454882646117,-544537,-982643,0
-2326497870527456843,184780,1679364,0
5632849150167066248,-819317,1862499,0
-4973257746552574669,-935937,-962748,1
-5994616410401993905,274461,1031271,0
-1172233969441529497,-508518,-389001,0
-5180520279945491802,-983454,1466486,0
2797490817663343570,1416615,-133707,0
5083971611089706361,-624180,-1819656,0
-3886619879241681559,829056,-1423444,0
1246985350468547428,-1239560,-1029200,0
-7933355423273798380,883755,-1617770,0
9216670734505006396,1227375,910147,0
1295348808506497584,-1189048,-664535,0
-8056900012897904762,1031221,287432,0
7145486716001908494,-1743720,-959352,0
-1000374324882809602,-1398435,1087610,0
7935861529475554161,-603446,-150037,1
-2903673979267913454,-158263,-1747101,0
400342859766533908,294808,-1157550,0
2973309566686413413,-1711149,1153820,0
-904674996788667358,-1004271,-791551,0
-4134927764103322292,44041,-650032,0
6434240093571492284,1841473,846704,0
4470631748044899924,-618123,-699680,0
5114549196721677943,-91509,-88243,0
-1581239313987459910,-1486110,1420740,0
4080165630877418203,1540265,-1401496,1
-5236487668020138767,1507438,1828498,0
4600734561872018405,-1220875,592678,0
-1417365074586227936,200796,1771443,0
-495821189996022395,-745381,-920140,0
3206195833978359201,1105634,-1086093,0
1307172249044460833,1767271,592929,0
-7421477733218650236,-1684656,-1776110,0
1331344198738594833,562379,-576020,0
7025494172869698314,-1773646,-5647,0
5465700487818707488,1569122,-273634,0
5711071754359182378,-1809157,-1515315,0
6040997840628879377,1120616,1242490,0
-3045282880323970289,1764758,1431288,0
3230783878559701528,1486656,-626637,0
-326300985387309417,-1239038,717164,0
5809079910629972573,326573,-1189466,0
-95611754814380330,-1530224,1083315,0
2505768246628887421,-999655,-1451717,0
-1071242648176869487,-1047235,492524,1
-1306534946995952888,-695099,-808318,0
-6398261180912760124,-449635,-843216,0
8225876866702212100,284786,-1491211,0
4464889109227907869,-940124,712812,0
4116651827709415784,-823299,31365,0
3230795804069686910,-1061884,-1810864,0
6145128618369886370,901965,-611861,1
5715960404459405438,-1812532,1211492,0
-1021861803558810606,-587941,913857,0
-7812964804145435415,-20523,-673825,0
1892556751088088461,-69977,-1153074,0
209298754515776060,426924,442665,1
7935145346538211547,-269931,-979965,0
-6224258729208388566,-933863,477403,0
654095992020246072,575343,1183087,0
8909615321052241433,1839509,-1137593,0
-4293772171053654825,-1872748,968554,0
-5489049252356553307,-1726994,1592066,0
1915632748895184218,-567286,-611813,0
6049703338818542877,-1347678,53294,1
7073989050885983324,-632407,-626134,1
6620750364711921153,-661491,-1657569,0
-3919321360835894041,17593,-1538132,0
445339536861893514,-80292,-1032938,0
8750627379150658302,1760499,-1673973,0
-2786868586877661918,-1722647,1559212,0
-8718698174737015275,6708,234796,0
-6605332768150880025,-1120464,1048077,0
-1313631585401103469,199884,219566,0
-8195666655057590739,688996,-1235125,0
-7367827808444069545,-659706,1618131,0
4042627776835522553,-1470924,1790236,0
-6218166819289055184,-1650065,1674794,0
-8006236111464632442,-1824990,1543646,0
8363214986237797988,944493,1402937,0
7214555513208809156,-439361,-1157747,0
-8807575940349711830,1793841,-1428075,0
-2682688408787055916,-262161,-100717,0
-4142643053755823056,-1247419,205254,0
2269619039027312269,41725,-1176017,0
3024496109727676949,-1565926,-1745496,0
1647439218118954234,-32031,1216377,0
-2727071782049646352,-1356392,-44376,0
-6585380378779612198,1052156,31806,0
-7866393503293169721,858262,787810,0
5140828934477737503,-1255703,1099319,0
-381049387126169063,-1866027,-1348119,0
-1428262769665368464,-1078625,-1541360,0
-2770793125146662239,1578023,1606918,0
3957812663729765593,284716,392483,0
-3234775990817686148,-734477,289628,0
7831163070633586354,1512292,1176173,0
-3808892914078852360,928595,-203431,0
7888791650202819655,669059,-1574504,0
4728555011237048693,-85667,-1800592,0
8631169336710890970,685453,-272084,1
-5972434357305290955,-1172728,-1415308,0
-7362191657556761135,1176654,-182539,0
-652411315327386909,1598491,-1654165,0
-949683015807037130,-1077784,1839643,0
-4595885255401546743,-1629770,-803389,0
4453212585302812727,1636578,-1329159,0
-9061561592346348648,536668,1002251,0
1688448252201178791,-1421565,1484061,0
-6619244147740072860,-412475,-845545,0
-6120509240764488581,1262862,-487887,0
5666940724149275558,1577073,177298,0
-2972615414124997041,1024858,1205911,0
2195438124772977016,-1512889,548837,0
7001304559622413791,1554383,117919,0
-3122629746812905124,-1640087,-619923,0
-8103856476090279282,-17718,1136566,0
-3756813780966630730,-642998,-777609,0
4975053209417705954,1196345,1305957,0
5214634690573003085,-802208,1098913,0
-2859790615527028731,-1686909,75611,0
-5734083291190958642,-1234109,-920467,0
-650536151616618426,1572136,1456583,0
6427465174577385033,1858958,1040510,0
4783023064008174998,-1452816,1629894,0
-2575909453400848718,611061,479903,0
-3749963968094156020,-706403,-1440532,0
-2843552356736716447,46092,1108399,0
4239310177769542753,-65823,-1653240,1
-7404875222343182445,-1871510,-544755,0
3430359348340094581,-1832245,-1528773,0
6625455430708781542,844769,841264,1
7964576229308305352,1126060,844299,0
-2952500029899071263,-1392142,1664876,0
8316871701242462465,1779531,1123019,0
3467890410095748458,-1320324,1535491,1
6196551620919790955,1222961,778347,0
-3876022826042152626,-916500,439493,0
5806008605999008627,1752355,-428288,0
3572219483939047356,-1408826,1294021,0
-3583016066686081748,-421510,-257822,0
-886094189844724278,1083213,133854,0
-6836316892312344373,-790698,1108242,0
6913448234805144303,-672027,403573,0
-2033811838382872278,754254,768655,0
384432093717801351,654488,-650363,0
1562674540484603465,-731825,-874033,0
4691414289548203859,-1868389,1337681,0
3747939654359823817,214622,298396,0
6386985127760508406,-1147678,1388984,0
-1402482516783004817,1270851,-248888,0
7560563678570908537,1060775,516083,0
-8405322819304472153,605176,1160695,0
-1380801440874001721,-914086,1390052,0
-1209741789101690370,872645,-1431098,0
-4992672841679434702,1078118,889451,0
-6652538807928836697,-1747907,1044616,0
2382017005623203308,249909,1568172,0
4289113078321640952,-1104156,1134370,0
4137548926773130383,52971,-1126178,0
2955889217561400554,-1634113,291574,0
-6938435374896045162,-657118,1200815,0
-7130440289877652068,920075,1427604,0
8899039788788631009,542596,979142,0
7576946663861558479,-222480,-1284696,0
3466337752303922741,413387,339238,0
8938381137642408299,-147101,768571,0
1692519856929306554,203870,1080097,0
5988343318762259706,164922,-1045632,0
7151974336415280763,-1844579,1664233,0
-6422244536925627352,-838999,1241298,0
-7040372843705530391,1681867,-203289,0
-6075963522398734519,224875,1139271,1
5827766451347975001,1785988,338054,0
8849093588925164243,1632275,1235585,0
-563508155400713599,-245077,-203211,0
-7214951973993392161,1574441,171636,0
-2765739053817476609,-961098,163831,0
3554999560517606572,-1328524,863766,0
4139341478397524434,-1155015,1856846,1
-123816107907820260,-1043896,-1148655,0
2555069497659891167,679061,1031447,0
6263357120525757238,1528995,1152993,0
4887497300406240877,1008168,688252,0
1185367422896109474,-1804544,-220123,0
4996301899024103593,-937914,749635,0
-5750990702332038608,1618473,893595,0
-3920353756525287645,-956414,-842448,1
7866543487898120785,257099,1564206,0
6266859891055475279,122026,1471778,0
1339013396618608540,1585145,-1062113,0
-8694623210983216890,-206915,-1520033,0
8411819901539512907,-758535,-174349,0
6476145243318296834,1002812,-163339,0
-758528601142287429,1670616,-1695428,0
-3928532488974205083,-1674735,-1858031,0
-8635384355104510224,-1810239,-288115,0
-5721417115568514766,1237654,1175522,0
-4559918464294321906,-1870959,1056946,0
-7891943687095512109,821879,1873499,0
-4876913197021103647,768186,357244,0
1812557760842665362,1255188,1864349,0
2138247657665928278,545794,1534897,0
7571771566290676294,-248154,519049,0
1758320303833337478,836499,1696268,0
-1429199022660435651,113524,118577,0
-8119800378630101159,-25654,-350363,0
7143215180356703706,1177755,-1805575,0
-3650479292897019484,1409530,1610135,1
-2213118032914847593,-1747746,-1242886,1
1507345818758819804,-1233967,257878,0
627868253572084609,-813428,-912698,0
138127837181735752,-237187,-598731,0
-8761062094355937093,1486774,708703,1
-6069758054893571452,522147,-1367140,0
-7102251198968430342,809604,-961630,0
-4355776929400276993,-1514062,-1474493,0
-3354107002119013880,134387,-671377,1
337773111952478332,1647973,764991,0
-8098667171424410302,1135410,-1863625,0
-4537097813184642667,1166796,-1714200,0
763384165549499930,-1030725,181213,0
-3774111071791230925,816179,-23921,0
6717453942484058261,-1536105,1761220,0
-8694218299672733929,-516399,1731270,0
7856021400300853197,792126,536572,0
7583774611091221845,658838,-988530,0
-821783299166012304,-318580,320790,0
-3434619060530078508,-351829,-386630,0
-7800934011471328449,1550265,10614,0
-5838026407404459825,-804062,760026,0
-4494069383992681584,-897945,-393871,0
2618682801704854614,-53636,-777813,0
253864663968234957,1544211,840710,0
-3572605761754933042,-1402917,-1144228,0
-2828308539069675021,-1135241,1556413,0
5739255324053421165,-1586898,1432060,0
7137021170750897684,225038,1506135,0
4404151057756666047,-607687,-218098,0
-1122290760969311019,1707770,490608,0
7844585366683189540,-1184373,1342622,0
3611944250708917233,-1143887,842485,0
7335056877281687887,-507479,273275,0
1902054424770359988,1464579,-1288829,0
-8849318114744489016,-755282,-1833233,0
1233101927306303616,106713,978476,0
5180737636342550635,469297,-802669,0
7889900486841082699,-117964,-921062,0
544901069397795559,988251,-222978,0
-1626864720230336993,1105699,425837,0
7392700561979918656,-871495,-1099679,0
1233770936759103385,1092619,736107,1
-7515714542866134450,-81593,1252568,0
-8631840755993098133,1632725,642294,0
-6331859793426574276,145861,-941210,0
6583961172172095963,52978,1868784,1
-717889182780583159,423062,1816909,0
8947799335102145601,-1033270,750599,0
473393519381092106,-1617289,430122,0
-952657522952385139,-1346147,-1534780,0
112144117452852070,252626,513009,0
5154246800683536318,-1506984,-851750,0
3672551353049283737,1337172,182082,0
2646763488232218476,-343439,-1152642,0
1476445909609246450,-1043248,-1252575,0
3968622872233808447,516358,-936050,0
-8367561539999464172,-875789,-1042519,0
-2198068168192873099,-1648094,-725108,0
4390753692497491577,706016,346452,0
8030913168366912608,-296239,1600784,0
597561757436335594,-153240,1176209,0
1074107334261499622,-547137,-1804374,0
1321770290333526024,1766055,-574238,0
108158803038560255,1311995,-80867,0
-579223087528162873,-685461,1289982,0
2499093750565274683,-519236,1459018,0
2948414846591264493,-1690725,1826586,0
1642395009205850170,-364164,-929939,0
-5037544606217256808,-1056587,1216669,0
3847024061752104753,-622929,214380,0
7197059693036143541,1056232,512989,0
-8699182319210495636,188310,208331,1
-3787142891520594038,-449554,-957386,0
-69249241845818682,92014,-184748,0
-6366840937696900052,-1089748,-1859031,1
7571178173131927858,-1611940,1339648,0
-3687066147938422518,1288240,884466,1
7950755635995132726,1009111,396032,0
-5990126683040900256,1514321,-1767605,0
7740585759683362411,585900,-203725,0
-6547718438577879023,-784203,-486524,0
-8370276367324454295,-235332,-1841818,0
-6755353680836745137,1079149,1054362,0
-7055318510702260316,1800680,829209,0
-1044008659835942271,-1336073,-988899,0
3662009083549822517,1802910,-1853859,0
8379048752442656398,1645840,1092965,0
1097456523409480023,-324218,-614673,0
-5972991501138502110,-1294717,-1859928,1
-8914577717909410233,-3637,-800362,0
-979508001427689172,-374281,-1579528,1
1447570975013603526,497126,580209,0
4549788848317514334,506236,340170,0
8820931036775042968,239713,1078675,0
3039657420899732400,-1225707,-998976,0
3658487242022637831,-533834,-798093,1
3052027964923405022,-86063,1482095,0
-4064250073312284832,-1151439,650291,0
5934898473487003109,734497,-741933,0
5723910095045320052,-750140,829074,0
2098005665204840330,17911,97520,0
9093285158481210137,1334027,907587,1
-5178096788719406125,-763593,-1120466,0
-7361109484813524569,-1443961,-758886,0
8580374715586626699,244622,1047865,0
8296862822621540476,329275,1418552,0
-4576605895207318078,-1440823,-1131681,0
4341921312297560440,50299,-1543315,0
-3355532894923503029,-717292,-355775,0
-5161408132261245566,-788239,-591308,0
3067736518845861949,998192,-270231,0
-3989309348090500863,-826396,-747779,0
6250645006940812659,-1122741,643228,0
-3742429973124480925,1407318,896055,0
18174357257421836,-1651817,-402134,0
-6830903338632704871,-801784,-600165,0
-623436302847443221,1575403,372790,0
6465881402817496985,1826788,-1510439,0
-2188319684337879496,-1426977,-587467,0
-2789599810358064933,576568,272473,0
-4083384766523233315,-1187601,323335,0
-6187479728313241123,226708,-583033,0
-7442137909580937207,1228299,1495928,0
5443538409384389279,976049,212587,0
1376583677419249073,-1659503,1564577,0
2233341512501341736,656291,-1406678,0
2461212797649338122,-849543,-1520613,1
-2127526154709342465,245089,-1598597,0
-610264385862311408,-1368745,-1871189,0
6311942521224879026,1756817,-1839874,0
-7493201263231363837,-1245961,1437326,0
5784556563065908050,-398760,-1328755,0
-8455649314178350363,630531,1753929,0
-2655193329577911819,-1750457,-350866,0
-6076746778368718851,158449,-642527,1
-5546062395382780621,-1212644,587206,1
-2162593502893484458,653783,610900,0
7352473415299979434,-1697928,-1582128,1
-7221131296982078912,-1721887,-1543195,0
-2145967286992520581,-534934,-1568619,0
-8978949555528446258,-106071,-1646416,0
3951115012275693514,-43769,-371405,0
-3218251575197519273,1004379,-1265129,0
7100773483513268545,-1196809,1691356,0
974594223331003126,1617874,-41315,0
-561044632871172211,-1573390,155385,0
-7009609843723465974,-1861610,1366961,0
4403784832257656800,-1418204,363861,0
2657154108104762806,1853977,1782930,0
2640633837833484398,12057,513427,0
-6631893353437551774,-1301289,1498791,0
3958735341064613104,-951216,-269348,0
-982258581583870408,668089,1165299,0
66624876154260260,941583,1457502,0
791491665939234472,-1418660,1439009,0
2719281384490583882,1658970,409085,0
-4571725326441926684,-228808,-790916,0
-8464186101470580568,-848411,568314,0
-9010756088882854811,225157,306601,0
6853128889049468424,-1529038,-237882,0
-8908215395054284188,51679,-1737648,0
-659448800610514379,-1442593,-1619347,0
-7947397333423845278,-1214178,-285157,0
9150517453450227842,-1189700,1525610,0
6809304902365518240,-436259,-874551,0
-6908064014931134142,260681,1778889,0
-2717801992018984280,1310392,-688770,0
179302367497725521,-1872799,1165343,0
7079930754148154818,-591996,644129,0
9036161806712287113,1395586,692279,1
5150126371199733632,-1491251,547314,0
8358775761210441550,1406631,-1440704,0
3395327162371298099,-739519,-808460,0
-9072066297652920573,843853,-1675918,0
5152402490814500722,588736,-281358,0
2715357373039621011,610585,-1601570,0
3012356274171845274,45212,-408476,0
-9036702096554219031,1686250,583051,0
-8806958245140951223,1844158,-1088944,1
-5242938401057803401,1154126,-1661632,0
7054757367843410147,396666,1109509,0
8826849294369616563,-1807239,332096,0
-3481007287875543027,284855,817376,0
-2014197447030753386,-342600,1536797,0
8152081991113293621,631881,-1228849,0
5898565214201228315,-1793189,847336,1
1262872777941083911,-1709688,-1447725,0
6240375154568679622,-57948,222852,0
-2223995049031775495,-58487,-1119574,0
9087901184160368922,339641,-1261577,0
-7462739959100969536,889105,1403986,0
9100683361208039458,-1270300,150166,0
-1954181980071819815,1355134,1150341,0
2013541871488265449,1787861,-10435,0
467378150947631617,-404392,192934,0
-6591503275406303486,417795,629919,0
8259390594057878973,1651497,-902754,0
6835160879984573185,911060,241335,0
-6499070442811099692,1303996,-1866348,0
-4747833398716514561,-388735,-1753733,0
825240515730836687,-1671660,1052677,0
8338722341337409306,-537507,-751935,0
560864282449448832,145573,-1621466,0
-5326741449889486350,-1333919,530544,0
-4797419976796608136,557061,782914,0
3677841609444345134,-1618737,-1505190,0
2115074094221949327,330971,1749762,0
3367065396155701749,1228520,154285,0
3260214566865221216,1566832,-985165,0
4616806540979542389,932886,-1073680,0
3845659492726661834,-536708,-640490,0
-715623099937046176,1416223,688983,0
-5435004077401582992,1671958,1032078,0
8199987778152523882,-503386,1716624,0
-8210916008522138054,-70918,69400,0
-6157133644617180468,-1362818,-126549,0
-2171271305694172974,543957,1665480,0
-6722459748547918140,-1370473,-739827,0
7385794395832570664,-1782912,-1184559,0
5559306405149096211,99677,1038942,0
-1814486323704839953,738328,1498721,1
4928984680835836285,-603481,-1135368,0
-4806238648694813411,-1486786,317861,0
-4773326437243300019,-418462,-1104749,0
-4440527891028586897,-1583288,-543765,0
6056317689771341262,1320775,1791685,0
2969284280144251874,40844,-1599406,0
6839327588611467475,-310480,1586421,0
3698670809848463675,-704046,-613384,0
-8313275019513310928,888546,-237926,0
8711261460466692992,1125739,482103,0
6764630957331409214,-1246701,-26158,0
-4576317196086585987,64776,-551432,0
-860313834081128101,1331982,-886450,1
489129497032555585,1861586,-587729,1
6628959928449297512,1856382,-1216129,0
7165089126726804382,-983532,620333,0
2313083540118744137,538488,-1107391,0
-1297585354187390292,-419972,233242,1
8533332646112439912,-275364,-629922,0
-6713385232025145274,1349884,-381881,0
-3450737864723494861,1581887,-1282146,1
-8267314381699688565,1391249,1479701,0
-1644903675934088294,1453180,-352822,0
2979713885520460894,1780965,-116332,1
-5142135745284273262,-1085385,576677,0
368056422000267239,-573373,817230,0
-3857127189728753516,-1821529,1361458,0
2748508199618024721,-1679845,-433508,0
-7074659158616650466,1211644,300008,0
-7070016134181743350,524168,1129616,1
-7243792870606966223,-1162869,-1291452,0
281241979639702469,272579,-843682,0
1846216375787029457,-5439,351442,0
4833088820279243899,-439482,-688537,0
-6105325071730582135,1613726,-1409722,0
4864714425735151141,1435528,1348178,0
-6131547126770526492,-1384264,-1498353,0
-9183066871849668604,-300486,-1131501,0
-8555478457489522699,1652087,-936207,0
-8700865093383277030,1778626,-547388,0
-1561429869523980848,-1354363,164357,0
-5835217812498100818,-1518183,-328847,1
277240266910078734,466287,-186895,0
1989044197765523916,1072753,691872,1
148055054262026317,396289,-1043613,0
4350960388205864899,686383,-1206164,0
8098278570332682414,-170338,157822,0
-8457946996024077403,1308458,-1576919,0
-4229446219654683051,-316841,-1479681,0
4421481175963188426,-535531,455448,1
4150396070731588333,535696,-1545401,0
496270671320783437,-833882,-1866167,0
341959807270594593,286957,-174679,0
-5398699444592820339,-1034638,-811804,0
-1066532857758004188,1503791,-589340,0
-4969613702775938898,234735,-24211,0
-238617427018871254,19124,-405236,0
4594157868104001302,-1253144,-758227,0
7054439284101903085,-570901,-1555809,0
5394135390273934832,996201,1761793,0
-423380905021296343,1652543,1686136,0
972189108191723180,-1581861,523835,0
6826332522304302624,-423620,-1867535,0
1370206601523856765,754275,976646,0
-7811955733365093866,-94165,847253,0
6492553851309241817,45786,-992360,0
5527315546577796310,1709369,1026362,0
-845258798745016579,-720285,1374767,0
1357914701285245483,988164,1661984,0
-3526504336282537881,-653329,-312924,0
-6645557022673152408,1577911,1414451,0
-5235195582733701542,-1661544,1270263,0
-1411114567801322783,-1598612,-1513605,0
8970913591473296989,791603,-1485495,0
-2006562209620673937,-503338,-1213943,0
6222424463153535932,-308746,-932751,0
7056059014502499825,-1171234,751647,1
6217748483847070726,-1284235,1410126,0
-4831012827129184059,365312,974191,0
-5132352920673596531,982423,762867,0
-6034446370223102637,700912,-1098576,0
7077610007374936553,-1444826,773697,0
7000772336552782210,337978,-1852273,1
-5832938419828259211,-80813,-71459,0
5374490242828610369,492828,-596677,0
304832107989200081,59850,-293501,0
5179119963935272192,513237,-489318,0
4232689431844393310,481554,1024975,0
5994804830619083316,668873,360472,0
1565058045860271557,412131,903660,0
-3097643939897848874,-652147,-978206,0
8087807410970672497,221159,-732001,0
-2080377734344252187,-915927,-146467,0
-5407156243075538416,545459,382371,0
-6399901806319788321,-775094,378393,0
9159361734520371221,1672108,1506904,0
698434385146129996,1537903,-371398,0
-463455828413127879,-102557,480780,1
-8646478166145751244,1150896,492432,0
-5911684545359684874,-1320880,40050,0
-3692155195251529309,-337999,1675805,1
-356400876033040629,-950557,933050,0
4301602274417548844,-627470,-1059694,0
6262118597516377083,-1317790,-942106,0
2516561473950827107,761796,-134405,1
-2993400237608444019,-1751198,116142,0
-5980165400269830814,-1438380,-1228733,0
3576342468079664461,420107,342023,0
33146005834150981,-528795,1814500,0
-6913143812869881078,-9412,265385,0
3638222254510438062,-1861951,405332,1
8647688827263933782,-836051,-1827331,0
-3160962877928072383,1480377,-1454967,0
7938522661822827529,-1691975,1093571,0
-1579728646197496791,-200807,-1578415,0
-5598885504052361537,-777273,-87474,0
1212217621321794450,-795896,142238,0
-1586394555143245483,829271,-393927,0
7494314439690893356,-881918,679343,0
4029910036105535600,-764973,-289144,1
-6846770701675005521,-1624513,521619,0
1408466320983944694,1207408,1449753,1
3895296530909234513,-1293605,-215373,0
-5631666737390477934,-863706,672665,0
6983670664952683089,-792135,-531377,0
2720637504377393460,-1014097,-1730265,0
-2295489322230385040,-1237744,-167906,0
3132728596509003151,219218,293063,0
-222859820226993549,20370,-1549456,0
-4072858447317152102,-265113,-151279,0
-8417027217208422750,-161870,-1539754,0
9166896579215535120,1087223,929300,0
-3448986636543836340,1640111,-1241265,0
-669078952916693521,1177415,-738639,1
6008133755506805057,-1241173,-1405299,0
3137296215991644413,1028699,1233652,0
-6811796179312091562,-579052,-411837,0
6547853640879160126,-583545,-1135432,0
-1246312467073816091,84122,-395741,0
-2474646096642662273,764990,-1124974,0
6560204000919731530,51899,718299,0
-1507533251605997873,990221,-1409941,0
5826009481045134439,-1013234,1324550,0
4523743666248506112,-36354,-1545188,0
1851600788867054113,-1466432,130893,0
1558199502826407211,1108138,-1323002,0
5578962343794816224,1648106,547079,0
-3391554447353336535,-1123111,898645,0
3547013444718043923,1321803,-1296780,0
-3067695080156602598,-1247248,-735144,0
8464673107527180202,249743,-583872,1
-1702716555686600734,785233,1801930,0
176812469345076890,-275348,-1716905,0
7106005342914462119,1525245,-1159521,0
-5954145652903341731,209660,847513,0
1048727839284349013,334676,-841501,0
-4600572929161952401,-1469679,-568024,0
7722669384013897242,-1487049,-778174,0
4036460563924313810,42730,1213160,0
6608989493434734570,688973,1437936,0
9207412691123509387,-77049,1130110,0
47995509052328443,-1087293,-868393,0
3772881206313739554,641757,-632929,0
-7781718188693148598,725371,334779,0
3676832609766667558,-1111510,1255446,0
-6337937054950224107,997629,-1235983,0
-3873470492516660825,1698194,-201057,0
1527185538975981407,1453784,-1090255,0
7439099064245504186,514489,-958960,0
4072934057584835440,-830380,1173185,0
-8963343271842489863,-703648,-1288259,0
-2163330945173825710,-786039,-223780,0
-1756913726753565952,1289112,1844194,1
8542481664515010901,-1289376,-1800361,0
-8143770254099024911,1818766,1173397,0
6330719008587732619,-1410926,-1125570,0
-6969270632779959311,1230885,1376691,0
-7505758427015612595,915639,-998906,0
-1705300839353344599,-1289702,1711202,0
6671065932184390580,1264120,-1839606,0
6351014127670492102,1344501,301665,0
2123847714476705825,-504076,-1121561,0
-6540316969036049031,-295899,1405993,0
1165867229616513461,-1274744,1747479,0
3717550255942482679,861106,858792,0
-5682915286743506215,926959,1624043,0
-2208258277116550662,1396215,-950661,0
5806365219584561080,1473106,-269310,0
-426649040289574338,-84682,1127150,1
-984702249141462336,955720,1723243,1
596944455930503685,1280377,510011,0
-7221614841449518811,2268,-1637658,0
-7030474130618400108,-407990,-552532,0
6974941005825386334,-1418150,-321570,0
8768727613912702131,1189085,266841,0
2134664679423241638,110084,1813817,0
-7921397485472269007,1473591,-1026887,0
-3396087884786781060,-331956,545085,1
-4266370797792456354,1341672,-906542,0
-710350161450886877,-616166,-799481,0
-4106747963709770864,672313,1494588,0
1660171948350943779,608080,156831,1
-564228291578542178,-258359,-1754156,0
394026450317800390,-1650608,-285232,0
8987065659190372200,-1323153,66131,0
-2917373487358532452,-1308341,370430,0
-4402646975001469107,277058,1578990,0
-3866238391730511369,-1861019,-549381,0
3805017814775790258,-129280,803819,0
-6421511672465083280,-41651,367006,0
7207574549047337090,-1772211,-1598733,0
2320111446239982688,1058765,-891543,0
7817354826609721257,340272,-1675485,0
-1666742476401197464,1120521,1666584,0
-6533082207286293608,325728,1085892,0
-1600329179788036118,-919959,-179729,0
-579755878777452348,1825185,288136,1
1883239113657770893,1153004,-137023,0
6809314787914213671,-1111933,-1550872,0
-4297483267494277926,24975,1047858,1
-7530519139861891742,605692,-231328,0
2801548100865781260,-1518488,304156,0
7467067176560576562,-1652790,563004,0
787940002493691148,-1755285,-1121322,0
-2612841438761427866,-1020621,-1207453,0
-6801780407247541613,1674325,34080,0
794647105199901089,396695,-796822,0
-9185370565586781747,-367722,1863,1
7584846193226333497,315654,-1136231,0
6150808939147037404,-102765,-1570749,0
3625417930663230649,920483,712936,0
7387645325631253843,1064377,-648168,0
-4970618471337281441,1702971,-1396546,0
-2205935510666390853,223710,-426581,0
4083890561303801246,-1616274,147229,0
745072902339238161,-955196,1354219,0
-6286624308623664738,300470,1644578,0
-4648908180124539578,1647622,-1720087,0
7109214005805120439,-778684,1571504,0
7122037387972578750,1349132,1716173,1
-8821706811608258566,-1259920,-1047469,0
3264140596503008466,-207388,533863,0
-1963587660346267224,-227774,-1029574,1
2289017378572727118,348779,-877861,0
5532919247376938424,1430642,466535,0
4910915841819570931,-149460,1638914,0
-236452137002603179,1295940,-952374,1
-5461330883294373642,458481,-651481,0
-719483014140907426,1803399,-1273176,0
-1702829319557767041,976059,-961237,0
6251164396628803557,-412733,-525537,0
2669856546624177451,-100439,1282926,0
5302681720962379952,1852906,-1281252,0
8728023699940842891,-197141,1713081,0
3987164364770880955,-1748777,398188,0
-6595618140147661405,-768512,-1058536,0
-3590641621241558348,1199583,323334,0
7625385985959942507,-1165958,-521860,0
2514054260862215806,861977,-1177129,0
4857549742171832145,771857,-59487,0
-6293134129447674449,651030,1245404,0
3311962176051954358,-407107,519456,0
-272820999626896111,-174011,1232701,0
4765853825240153708,-70453,-1538955,0
-8689745452743973852,589164,-1746530,0
2344909808823473982,-849616,1694411,1
-3268307540065908837,711810,-971268,0
-3982548142619818391,-1068793,1801972,0
-1038972202695080997,-393636,-456752,0
5762528815178658843,1004914,919857,0
-2809743185470746753,-850233,-258252,0
1199066301761528315,1474296,-1481774,0
-7785889190793929258,1818523,-368712,0
6304854456247870880,70591,1495783,0
4492125568781025635,-1553738,-1382284,0
5206491142191985432,-191670,1269337,0
7191493252503199325,651233,-1414012,0
-5825798949339056285,1677276,-1230766,0
-2207537005399151315,345946,-524604,0
-5082196228661689610,624532,709547,0
-5677639782666121998,963930,1774010,0
1960133974279767097,1779465,-951179,0
1709647356091868672,963427,1131080,0
-267606115412340215,1094745,1375252,0
-9114840550161540004,1523626,975527,0
2604104477476947511,-498175,-1385239,0
145109710461080130,-1113804,544616,0
4497119234972542982,1295945,706203,0
-3812881665560823136,-636970,267082,0
-4600497888375363919,460021,1594814,0
2704268416155122584,1685855,-1111388,0
-1665790358080887837,-1609523,-1432995,0
7739566218339131650,695485,-1182210,0
-7554733166389211587,-1706142,623327,1
4959739072205053671,-41474,-1775779,0
3222113005119785939,-1447066,795367,0
-1130426918197255161,-1455439,459218,0
-8482229447244254033,258319,498401,0
-5761944557144753068,1626936,-310769,0
4579139273206422861,-308482,334383,0
-8245016957118561419,-612308,611580,0
7490619740099293469,720285,-139476,0
-8797873932786669756,-582627,-1338884,0
5859349700437810437,-1638287,-1580058,0
-2900018420460520880,1378595,739677,0
-763956214399727140,661119,-1282311,0
-7013871032354253220,147037,-1177712,0
-8940033205301500176,1360884,1719770,0
2108391036195835614,1557874,692750,0
-5278178340379310975,-1403987,-735798,0
1845881958523433857,-901126,683285,1
7926380203775852100,663944,454408,0
8556134311348167331,722690,1593195,0
2206366536945186272,-552846,1508940,0
-4141981151564436520,526334,300380,0
-1043300676876411532,1774062,-1628717,0
-1751215933650222491,-1592791,-41652,0
1022548990899884559,658567,1321054,0
-2039107010811461691,1086642,-167436,0
8043669579935745591,-1703709,-355533,0
2909705934134785576,1856267,-995133,0
-3542124044520342429,-164922,-116498,0
-1586553904187125009,176622,-1597137,1
-6749094431638351487,113437,-1487983,1
-1012611423277362894,1029305,565322,0
-1276879752878483599,-1123702,-1714548,0
6868800207730228282,-195004,-1620316,0
-6534905592479137913,395890,1816644,0
-1881718157899988473,80136,1159598,0
-6472633667507530483,721954,-48352,0
-1637817275759323702,-630948,-1643738,0
-675040901332613185,-862135,1418455,0
7616875523976094316,1124969,1739943,0
-5164132054222748083,-1616712,-1280208,0
1739826396324760838,-1784967,164649,0
8690846057672026332,1719406,353229,0
1145039253355857767,566535,-406956,0
-1702361729622332539,-1432359,-1299056,0
-6628638315593731438,-382233,-1255382,0
-4786019793145235243,-1831065,-100379,0
7430841669554950460,-1238620,-387430,0
8929516622349403212,-166766,1293228,0
1469667988453952082,706622,67818,0
2791462684155458782,-1102744,1284854,0
5243639557209602929,-1456439,883271,0
7660492558384258933,-1431046,-673095,0
850352980846533484,613309,-879443,0
-6991037875350171284,1200832,416944,1
-26555789209195318,-552837,-1853793,1
2652915194297133845,1596177,-1381932,0
-5768545688191565754,-1275250,-1558255,0
-378059932977739211,1351427,-1817749,0
-2308528156932159667,1831667,-786863,1
2334252582768608387,1297416,718202,0
-1743886432701024637,545008,664012,0
5039804371151745580,1392252,-1511318,0
3008840263149303870,-701253,1590401,0
-8507575341008320430,-676553,-354649,0
7520795534407266058,439494,-1177838,0
-8593261001969122424,466126,-965868,0
5641363642068076579,-1640876,757245,1
-3600580412684983720,-1322449,-1225861,0
-3943432164773880322,-60706,-390653,0
-3704654378522775619,-1530344,-646453,1
-1012940707942339904,1094203,647399,0
-2501804231583670871,389297,814216,0
1875898039049128645,-311945,1765088,0
7640918904194887552,-1611792,-978078,0
4847690243474165531,185750,138842,0
6201880199190590619,-855061,745155,0
-5679026207223881724,-1096091,-1347552,0
-1675535133303975225,-1457453,-1216507,0
-9196366958613270664,-1852415,-1306358,0
-223338733639835453,-481558,794298,0
3324488809398090656,-1158070,-1516105,0
-404111626948407099,-1220352,-850919,0
-4361840247348944548,1086353,-1373327,0
3187270480265325302,-490607,1337884,0
-1818656505166135618,1739591,1143133,0
6459997235900143601,1779301,388779,1
8055658368563684749,1689208,-1833405,0
2653079212314803016,-862023,1431165,0
4165574958847794627,-1689230,1557843,0
-7624997689626501633,-1533290,-1817332,0
-2899771093722679280,753327,777906,0
7656094143487930748,677880,-1143125,0
-8804273028510573904,706754,408694,0
7194975272245128230,673741,1048480,0
-971616262316020693,-611552,1037027,0
3419229238622463666,-1431382,-1782767,0
7946603010538289528,694441,1050266,0
5559273547089509992,500254,1185364,0
-3199384924561131456,224298,-1215881,0
-205821367600028301,253046,-1590839,0
-5250389102407377583,19603,1059351,0
-9209439810876564636,-665165,827165,1
8202645300045290781,-461766,69200,1
-7901740153210309200,324024,-434925,0
1756520955748777019,-855958,833130,0
8856358290225969197,-1585536,1033445,0
2425851866830008293,-920685,-382423,0
-6625200641733362279,-636831,854465,0
5277841302265171577,-121899,-767164,0
-1477780163580350445,974781,-281400,0
3301617434204983289,1730060,1081070,0
-4249353060432997984,-1043323,127449,0
5136937478367026826,151328,-286511,0
-2945147475930884953,-711736,1775972,0
1366664793688602360,1245922,-1322466,0
-1106053292514720650,-1564427,-814861,0
-4620447147102725839,40263,547953,0
1612670208479657403,-457968,1260548,0
4059421864134396102,1536658,1183058,0
-1289247031856646389,1557658,677326,1
2389830572424502637,579822,1214343,0
-265875556322698914,-1655980,-777646,0
5352618792459395969,-1853910,1179695,0
51461582509222033,-903132,1290348,0
1693998194645175424,-1007520,-540415,0
4416329920234306531,605608,1251042,1
-7219601227224371316,1203672,-60767,0
-7317494955882412424,396549,1102577,0
8959908296910150123,400191,1099685,0
7675158995357773785,-1355161,-536246,0
3749445369345142664,-1372592,-1476459,0
411142255500786802,-240734,-1424249,0
-323728543635088529,-1859102,980291,0
-7549404749733984749,1169077,1704475,0
7827642632437551188,1360043,-1840278,0
4268210580183614576,924279,-1364245,0
-863364868505478899,-309954,-1820368,0
-241130388499225183,-628773,-953052,0
5058024348653451539,-387340,208272,0
6433995759659382434,1746855,853373,0
6435316902039788806,1025787,-961799,0
-5649828607112946732,-78558,-689860,0
-2912307757876929754,-915494,1477102,0
8141971258273208698,835134,1437098,0
-7356746866308922406,196774,-1445065,0
-3834568263340790723,3096,1386011,0
9021902510961984045,60926,-1160358,0
-6998506137087888983,-212025,-362265,0
-3417518975860470708,744357,1242750,1
8713414840398684334,-6654,-1716787,0
-5962930657664457719,-247970,-1064767,0
-6654515724166688225,-1036662,1306121,0
-4258479226411128997,1708773,-559147,0
-475942315605960394,-902122,-1660474,0
-7646302467748122404,-822931,-1763801,0
8226158347134839822,-888609,1208306,0
-9197882412885702582,-1218029,1469009,0
7978243822647909416,-366768,-913337,0
-1555260767132343546,219446,-934813,0
7462162227979165415,-723481,614908,0
8989726257309217944,709720,129640,0
-742718623050226156,1372428,1860262,1
-8909264485099811031,432726,-1657436,0
2497733927996377178,844730,798238,0
-5673775744055471097,1865626,167554,0
-8342499364664575541,1740391,-971318,0
-4791020854925396956,892569,-1695635,0
3425502966084719705,818337,-1579229,0
196882880096747672,6647,1400871,0
-6997107029682753442,681809,827284,0
-6344611021229274341,-1177364,-490968,0
-269124803351098091,-1084833,1566336,0
-2549332288906504564,310446,9864,0
5923417587658836254,-135144,1112563,0
-8575182065383401620,179416,-495753,0
-3752828658288612610,1548785,-567867,0
-629568842017422237,-1858971,-463477,1
-2556592915531843172,-1231981,-884087,0
4331624786246743738,-71396,976679,0
-7151578737828961082,1451621,-423146,0
-8023862979508430112,655382,1725395,0
-8809394028627657302,-415017,-51720,0
7118442800180113638,-721996,1497496,0
3932586883329294173,599796,954548,0
-7160573691483972350,-243241,-1317645,0
2426204542534313815,57926,133982,0
-8766771229339367408,1087273,80319,0
-3001256342713164299,-1073886,-119784,0
-5649546697435623412,-191152,206491,0
1876518193482395382,-1385063,-1786589,0
-8021543071649101671,498703,-1229392,0
3168318174729081343,-622250,-1009277,0
-5288535298867655811,784993,-834414,0
6724928186785612567,-1755807,1447466,0
4688240302960433443,-702163,758539,0
-6970621404661552341,-1041832,-1499989,0
-7498112756614854377,865079,-292702,0
-4093984024264484725,-1409372,-888060,0
-9097990660476433778,921165,-1587921,0
1238376492998133611,17458,-1480090,0
-8707927984148319013,-397207,-858054,0
-2908447869461726621,1500037,-580675,0
-4352377145257400325,51258,1243844,0
-8198755613934705936,561458,690165,0
-8392446700811485942,1798906,1641261,1
-3606588286552876559,-1762114,1763922,0
-4269897302556162356,869659,-1533121,0
-6414892359189567446,-53904,-852567,1
7497598081765958181,-775190,-284042,0
8949705125516517060,-286080,289272,0
7424329301736724129,-816737,-1186242,0
7205887207626997707,-1128807,1297617,0
1999555800948279021,-1685670,1641869,0
7536056573793531567,583678,1376878,0
8904285215317913947,172211,998749,0
705494852207026372,-1049053,1251303,0
-9109658780091809693,-815105,839808,0
1251458827702805954,-1315036,169070,0
-6330373071181698276,1780395,-1396431,0
2449359525065793605,411445,1242841,0
-3120996763060329017,770740,-896484,0
7537496664286434894,-984276,1114995,1
-3773294719474998715,-643381,342658,1
9138804035119153600,-1392908,1282802,0
2174620054544818332,-1532315,-530696,0
-2557189105737799452,1609095,-1258193,0
-8766926941185765514,1643677,763863,1
3293543858291738341,1343192,1308976,1
-3364784778294264671,1563693,985615,0
-9109918961540987819,-1330999,1233104,0
-3798682002282015344,-1538970,1149705,0
-8210359977042526298,-892648,-1405859,0
1954145879911380952,-518332,947651,0
3699144934615393714,-1156411,-1805593,0
-6953273253605944908,389950,-769507,0
96668425052133940,-1146137,-586599,0
-6154410971742875006,316419,-568563,0
-4546582549568589747,1812964,1175403,0
7797989986795105092,882930,-1047068,0
-1636958152195247360,-1463191,440893,0
-709425270615253216,-735486,-1002156,0
8801944405166489013,941582,-328187,0
-8574429667111427104,793141,1203932,0
-1635475858681420614,493752,-1011314,0
4880658909755216499,-507946,-1468265,0
-5575160790407680579,-1637440,1337411,0
-2095732052454283414,-1424219,-605948,0
-6906404269737535405,799581,-1522378,0
-562455128966704260,-888578,108280,0
1093156410892908149,201906,-35605,0
-1906671849637323774,-1537580,-1657397,0
5674826009025238270,-896847,-1552450,0
-916696941166703749,-865728,1373128,0
-5533351361390218194,-860029,512679,0
794694762294194698,1101775,-28903,0
2394260001880379434,-310609,-1842483,0
-218755359127865869,-945795,-956101,0
-6716166814183392903,370419,615506,0
-5183177875903581151,1679536,1131758,0
1091579240788442504,770987,-996687,0
-8553368466115055453,694032,875831,1
-1274628351262040281,-1752925,1566573,1
5246395986906388267,-336254,-1097382,0
7183134796829762538,-1303212,-1433660,0
-1674693040065383063,1335159,-365130,0
-2038208368307337780,-220831,1490943,0
5853001961562825389,84796,-77832,1
2369971892402592220,1277453,-323325,0
5748168667064236986,-12277,-1724749,0
-408299036550123834,-989049,238799,0
9154910760261445752,1571974,-339650,0
-5235595653006041267,807659,-370634,0
1070164921709218339,388690,-165584,0
-7501527553035239226,451009,1118309,0
-8548429708895317558,-99892,-1552840,0
2069111082661536154,-970410,851135,0
-858358549428754735,1816223,1791397,0
-2910657055099856952,1259019,751156,0
2827157831394811247,-1212683,58262,0
3107351852605349728,1178430,-190897,0
-1092870244409131727,-1818816,1153244,0
9135757938215618825,1144686,1368208,0
6545239618890241909,1784994,421656,1
1395797160223668348,238394,-1200702,0
3883513728996601328,1498009,153135,0
-3383071287329213690,-337397,1648052,0
-2541725742548604631,1520210,1269,0
2258378450998820362,-1341693,835219,0
-135867186581037317,1604955,-1473839,0
1525408380291452285,610799,545222,0
2162723041845864727,-1112582,133562,0
1551544034865234536,-708132,454143,0
7518872961276185471,760435,727325,0
4289057432024955242,-355025,756481,0
7088684915281390348,129166,1680190,0
-3550728113679914700,719289,905718,0
130588979590271978,1129793,1250187,0
6285450758362206474,102858,312857,0
-5548131609692450793,975601,-1371028,1
-3545611671265953976,41611,379702,0
-2171277778181583385,149215,-1873881,0
-2673531109665277989,-1282352,-1045747,0
-6093762270875478397,977135,-1083023,1
-1032316466363604284,1792050,1783617,0
8656620800318379109,1484981,979467,0
-3888663724811343207,631073,248942,0
7007124288731212253,-291487,1180266,0
9038465317701477124,152626,-1569026,0
7929589804068231055,468596,281687,0
5769918114546782018,444271,-1258295,0
-1752326515518475533,-949084,-1402025,0
3064437783525785764,1811195,-904523,0
4378432156912741588,-1727801,-794840,0
7930934284869764369,500153,313670,0
3469231148068120530,-1676542,-1388563,0
-925105263272729213,-1199815,1134939,0
6377254092058500832,-679895,707406,0
-5765773516178541435,-1198455,-916226,0
5229589415189289926,-800820,1805204,0
-4985466129512993604,-882414,-308176,0
1313900232710241696,1784761,1559499,0
1924412523735670619,402633,-1159704,0
4087949612500176733,1728392,412259,0
2225485789936644781,-790853,-1542707,0
-8013906963646583232,451458,-512134,0
-4352260755839242097,1122642,-23765,0
-45873636858757021,1234499,-396638,0
108468256491742450,1120810,976357,0
-9055915162742555857,372341,1469421,0
-4412046232279053218,-224590,972322,1
8089573196449872358,1079014,527374,0
-6956200539196403094,-222735,455680,0
7439525192817517593,-342851,556900,0
8138471362200690757,-1011587,646898,0
-848177274729864142,-197585,-1390513,1
4776552794971552560,1767942,-1486817,0
-7535044001624461844,910486,668223,0
2449335038772015874,-402806,1237923,0
7773757994517435605,1362160,-1569659,0
-2344225882064068445,7106,1784788,0
7127938012539843283,-1612362,1454406,0
-3668292821568670575,-1218147,1247907,0
-5301969123877265764,-601622,1116784,0
3877273788430079326,590149,-1727898,1
-1228217036289297860,353350,408331,0
6019670322460331567,1618434,-827572,0
-7117422676916870765,794712,609572,0
4174684702919789887,1153494,-43597,1
-5734154977949228843,-1072846,1786591,0
6282425843012285018,1660385,-1664694,0
2693708850714106632,1634802,1166484,1
-2094376835722138270,920210,-517333,0
-6579746621417375607,-828834,-620222,0
-3348567133436547890,-1272498,-888107,0
-8641338704687532665,-1618872,-1563118,0
-6331543315085861850,446476,-1133271,0
-6210213741706164089,1030099,415001,0
-2562445018359500152,1789063,-1363380,0
5973030476508895454,105195,-873028,0
4685006046200533286,1140941,-1708344,0
-7552537653664365254,-362112,-119430,0
6739152813367996870,-1865250,-799909,0
8141840804660001306,-1865823,-933581,0
8668986585593701696,1465993,1112493,0
-612447649887102895,-1123946,1518218,0
-8852765053771406844,1440833,-758897,0
2175370692667747207,150752,-363675,0
2532376417284711057,-81617,-1382164,0
-8851065002692939592,-1377965,-388002,1
5912209619315299327,879006,850448,1
354876553445174451,1572758,131576,0
-8254320151114460042,1571274,523547,0
-3884175161511734629,716477,463093,0
-8453856496120725067,-489968,-188939,0
584341629743692394,1071697,-782517,0
-1412586379065419892,-466396,-278366,0
-8944248804213414039,1359232,-1078795,0
-2515515359351153054,12657,1137553,1
8782109513270533818,-634005,1205353,0
-6337611430828709456,-564968,-231887,0
-5957371670638015026,140768,1048657,0
1622902290580203139,-573209,-186461,0
-4596004686567816977,757994,-1391610,0
-8278561236822607362,-466137,-159439,0
5654680046136076728,994880,104867,0
-6657147454245769258,430763,779010,0
-6304196930619656809,-46336,-755112,0
4024614077685856468,814690,-507779,0
8350990266165998674,-1283674,1411103,0
-3873015637018986153,213880,-655357,0
-1517458463331348865,366375,-302933,0
5270139778875647951,-419921,1674966,0
-1265536104315614198,1659293,-1505254,0
5625092156405365571,-1455882,1076837,1
-7003896726867580237,1113650,477854,0
3936156724690905548,644548,1231003,0
-4872819548750232435,-951243,-50096,0
8110447601485248280,-1568590,-381197,0
-6866999779449583999,1365958,-1459875,0
-4100707708741102872,1431367,-64346,0
4389297003422267081,-1403184,-899499,0
9070356514315749265,-238277,-881546,0
3145434852119923573,-328891,1526900,0
-8365832092558608257,-1567312,-815052,0
-8135424901314588439,466060,-1250366,0
6286472616757964974,730125,1020700,0
2741601087425355869,-1170597,1600813,0
-1685014179776970449,210488,944933,0
-4818987044508146084,-807983,254375,0
-6053961341450702935,-331244,670304,0
-2050925404394178235,607775,-1774039,1
8772720426592138453,1127275,1072656,0
-7708828201297674291,1305275,772904,0
-3296809106029016319,-1508232,-1711721,0
6686141583801296763,842663,570506,0
-1467106805727228786,904055,431060,0
5745443032724515627,-115526,1495451,0
8093940684765897331,429325,-37417,0
2171553828674201996,1525241,-244634,0
-7889171445444394313,-560097,1463146,0
7465984974149503906,1441581,-1785605,1
7468037778946801402,611904,673811,0
7935580215596628804,1744889,1828978,0
6098557129452823277,1745200,-1556198,0
4557483329268246943,-1036285,-1628839,0
-5595066646846414123,-1513723,-130309,0
7851333086636402097,1694554,1803430,0
-5216132179408594420,-1013972,1515426,0
8773044778134209231,1284456,-373992,0
2639490569931954560,-1731754,587575,0
3299820362930229023,1503865,-714985,0
2440672670318102067,297132,1247258,0
2693588736668981791,320460,-903164,0
4794544526096025529,-115765,-1272064,0
791538052038003484,294416,1381472,0
-6828228420312398147,921,303030,0
1844044292624467900,-98316,821567,0
-7236019278488700036,1818407,918829,1
-5319734883465090443,1218498,-1792635,0
-4058333643669582776,1436110,1448393,0
2986696069064034579,476455,615582,0
6692853330836634630,-508767,268974,0
-4230335593153787082,-1085876,563778,0
8010395132879677616,-711929,-1559600,0
825334254822363345,-1774971,785724,0
793214820658829781,-1820733,-1660607,0
-4795717102166579027,10701,-1297053,1
8481503514372579092,-714720,-1079473,0
1711133299554080483,371386,-1017659,0
-7751663117190381916,-1058736,-1144122,0
-2544096776972506266,1049762,-619024,1
-4432902717442542641,743120,-1519592,0
4446357538469521527,-997772,-1340669,0
3285740777529884019,1670401,301449,0
2573467822979643695,1642017,1350776,0
2678095591828143232,-286686,64098,0
-3319345351682131976,1644545,1563676,0
-6359328051624680836,1144680,301092,0
6943923359890113812,-1668722,189135,0
-2280742747559219198,-1805138,1448342,0
1559639674595290389,1796799,965942,0
3690083941277811518,1673739,-765901,1
4189299049521045347,19630,101622,0
-1144647330812856717,-496057,1460042,0
-7463770563777235782,258187,1247888,0
-4720880406143021451,951791,554716,0
-9116237439879051863,-1460271,1141507,1
6756776834299377967,521013,-106833,0
-3071036747553730285,-1668152,-119066,0
7125152122888920095,-43494,501844,1
4832826993665700530,778672,931065,0
3580627497250599637,-1714374,-554926,0
-5999787116027795057,-519754,-1363754,1
-8082462323628589704,-183374,-1393797,0
6907640046384115339,524647,1237531,0
-3146202464911294656,297185,-1505504,0
-7297877977929344294,-1796736,305607,0
-1884998011579691779,-1524200,-1255875,0
-6111961765362737533,419288,-822478,0
-1197403849350485105,-130918,295751,1
-3679729434920171807,-922781,-73141,0
-1004791402075685269,499290,1209483,0
-3490027405688629979,-338430,555245,0
2305796251832108573,-1495526,-29319,0
8578602959383422161,916113,-512251,1
4288315135006207680,-585892,1743698,0
8906223558702899774,1519998,1282132,0
812947298025909896,-1188909,84416,0
573172943209681175,1383323,1563484,0
5980110069019604024,633084,1669171,0
-7525270879191817508,158937,-1570576,1
-6498985522977118804,287202,-308930,0
2321615794577792352,-1658810,294868,0
-2988461130413724079,-468890,1459930,0
-8859927869322456756,556590,196677,0
-4658932657157104216,1233844,-1055292,0
7711599601302708378,876736,-571453,0
-7381534473748933177,-1085156,416361,0
-6243011216888687334,1604353,596979,0
2571450872642488791,1752322,-694465,1
-5014252790646814992,1079404,-516880,0
7113945169189391511,1611020,1256303,0
-4326814223094721772,496542,1527996,0
-2187233658144100649,-193266,-1308742,0
577325283096158672,-347096,-300449,0
-1132797890960462338,160048,1013978,0
-3342579447361585850,-1203594,-796543,0
-8562044893674605947,1535134,548185,0
4255242085992019944,178615,-211861,1
3759378087755898490,1526980,479014,0
9051878684391334654,-251029,-1818818,0
8188743953821821950,1632148,1149715,0
-3108863966368262877,-1247402,-784167,0
-521728810300793913,396509,1634005,0
7045615556946477256,612751,1759878,0
6428373225033986975,-1508701,-945526,1
-1969531281777747280,1508308,-1823050,0
6856663362390330595,-1365922,-1307946,0
-7614811235836161934,-1508347,1060842,0
-1266624275692850428,1577543,1040192,0
-2024593160556507397,336278,1411044,0
-1713426921209245174,-291759,-1701100,0
5962156072792332553,-1535487,-738552,0
1502818056171451660,-946388,-295942,0
6613148461525347761,-712515,404855,1
-489805373543410503,-635963,1250339,0
-6884223842439168295,-48743,432647,1
-722575724036426286,960751,854887,0
8453409294720006079,-1617558,1552873,0
936720698900928429,-1233635,925651,1
6950001733854270320,-1111479,841232,0
3392223242779341492,-1751094,-1722193,0
-3114647686703742126,-280367,-783525,0
222205595984873188,1530048,-1737613,0
2643687550428259739,-888580,978337,1
-5949858101151663537,1783128,-943948,0
7021513018339740631,1363821,-1015333,0
4399222537004517274,610176,-1247533,0
-7022363909577453210,-659547,1149530,0
684254608906124415,481279,-1677129,0
-2679017707593334277,1314749,-1131306,0
8922195076154886220,617136,988736,0
-6698527914614566882,1492515,-1188197,0
8239018406169909859,-1782,268137,0
6644861187770112939,-1552454,-1410314,0
-5947286918780366664,-83960,1152756,0
431762626354497617,-1721870,1852838,0
8801808525739243094,1306211,615752,1
3437763839509652500,1500742,916236,0
2067573490243555802,651134,1765287,0
-3669931751530619444,473845,-396013,0
6118920493157614582,493640,-1311274,0
-7961036522538087516,-1026054,1706457,0
-5550909243421051408,1232590,111712,1
8914784815980462491,-1740433,-1556866,0
6502820103095277600,1572531,316497,0
4954514496485799942,6525,1099104,1
4485647155418214517,583176,-1239144,0
8717904923300430348,-1630146,3488,0
-2644379736732567311,1311597,-1354021,0
1914995403955573801,-858385,-1114761,0
-1482505278146818520,-1495472,-524430,0
-3441420292311098709,-249601,1099055,0
-7067573770735555130,1356068,1670146,0
-3696891595449114568,1068326,-1071153,0
7372639124160333062,1672040,661979,0
-3618994303410092986,35698,1297516,0
-8227796423270445253,-569729,773320,0
-3722705344604569182,839577,-472086,0
5791421468123579467,944267,-335728,0
4057240349677454570,310675,738916,0
8430158800465991470,-191956,1784669,0
-1834747334982495469,-1579259,792056,0
-72464002736765836,-851071,1073424,0
2907468389567692771,1375278,1520868,0
-3730829204328025924,800780,1614469,0
-2388227647687379849,1317259,835114,0
-5585087517644564674,-888598,1521381,0
-4718769688858163777,-407416,1811800,0
-811668328460187582,1248250,621551,0
7023727263229893373,716429,-1798096,0
-5283076060618590297,960870,-920942,0
4154810457450292298,-1074451,-363990,0
7781369971326999389,762706,95731,0
-1320222759418748655,1251553,-79379,0
2171881699835697643,954640,-521042,0
3311668121209173650,950614,1496646,0
-3846404807564523286,-1560109,-1288677,0
-7368074971658414496,-557166,-229968,0
653953856738966407,948865,-1663883,0
-2461101877794310940,881012,762730,0
-6951609776134971131,-1386361,-105225,0
-3371077799802990632,-1246761,-949275,0
-6279438580949699783,1828486,1359703,0
-730952525888764724,-1205061,520916,0
8652475958560552204,622269,-1164409,0
7965295880476882852,-1397841,-694336,0
8155039988538179837,-979971,995195,0
3196438071104407831,-856308,-1436489,1
-6451003971261503588,1408860,-1238713,0
-3376451490081006286,452793,1500061,0
2871784707466255888,-1726854,-1425212,0
-8778144787422170668,158805,-744247,0
-7547588772643128174,212074,-1069839,1
-3397046260976515792,723003,321250,0
-4302336074699387664,889892,-893264,0
4691147657674935373,1343294,-274605,0
-4111907098667226869,-618846,-1333568,0
-5781800149057521271,1042485,1647013,1
5732154022855010649,-480792,-1770237,0
-6536422392983039214,1856809,-870068,0
-6284629677244587164,-839026,1573128,1
7739092846122146156,-1716304,-834661,0
3896144219087321160,865584,1849391,0
4507672522200088046,-846366,-550901,0
1134710197066101561,523097,1586472,0
1037710339798280516,-1402912,-1577458,0
-4895929977907578885,-1011408,-759235,0
4508675528400540142,-422808,-696620,0
-1547910725382241944,1447956,1011751,0
-2055897635135233344,268074,1858879,0
-8829161554752409618,1817653,-920525,0
642438623728316768,1443846,1568476,0
7186467912357799950,-608994,-1198629,0
-6139929938025478964,-1581423,363187,0
7111575504374350046,935670,-1009700,0
3030900523793132497,-154974,27967,0
-5237619406524726648,-852785,-911862,0
3662002198025757588,1548322,1130315,0
-3257016069764959031,760475,786932,0
4195275362428014093,1192029,-1555836,0
5617619915489590643,54433,-1824753,0
-760374927967766393,159429,250560,0
-1405077897227301141,-1479176,-769698,0
7860812032484717090,1588641,1064761,1
-1169526722171148629,643854,72176,0
-7308702498410794415,69511,-1849748,0
-7010749540674708543,168193,355473,0
-3495282722639376547,-1380954,-914754,0
2234045577642835279,-584210,1218716,0
-9147409620828388129,-1648548,-1026512,0
8772345462748791049,1854926,-1411418,0
8351682854960532042,1708475,-1775273,0
-1441477153886977606,77446,-522110,1
-5831565992688109217,441959,-484316,0
8228443498686926271,-1164581,-1423118,0
1071053026355741878,-766764,-285660,0
-3228414378709826166,-206021,-1782294,0
-3830126284394856900,217085,1307409,0
5649866492736326176,-1273749,691017,1
-4301906042861326929,299955,1114358,0
8529104100702731164,1399561,333974,0
-231607612844984540,1686822,1518405,0
-5791848295617984598,922699,-895076,0
2789332650066678146,1811415,26863,0
4748070438177654796,-689545,559566,0
-2594531740378493691,331573,1068719,0
-1748442959142964967,-748583,18673,0
-6249873973768230469,1145714,-1012201,1
5712385846474788921,-73922,1090048,0
-4166069055550439926,71817,-1637774,0
917032998649764458,-470195,-1468134,0
416866136002981160,108489,-758596,0
1565204490127067838,1606994,-1306680,0
4898667925317774754,1503791,618702,0
-381471705793031973,1755659,-250865,0
6312799624780898262,-705873,456239,0
-5050967636418064519,-1513453,-323676,0
6529640180600468600,-82120,1380517,0
3863324616111565544,-1580049,-1582,0
-1415599317464177903,854921,547353,0
997863552271492999,-434876,-1615109,0
-1441172059484704645,7945,941613,0
-2626033427658237874,60194,-218010,0
834600243732677990,1559533,-1399293,0
-7928724987734549179,-1499378,-800995,0
-8776515361284238121,-1804829,-297448,1
1785503582724977162,771833,-1832896,0
3914580725438648996,245840,1576724,0
593015766442789968,755710,-872717,1
4850459856809671161,-1817631,1190824,0
-3582179259267937702,-1547960,-785323,0
-6951307304920914987,155662,111371,1
7672502093093384580,-1713051,-210923,0
-7299170406116446834,856945,839434,0
6636844062753733819,1268754,-58663,0
-2422425213950005431,-680437,570140,0
6115823406057962239,-322081,1841849,0
4947383661730611843,1497677,-1241643,0
-4599439302190088728,357807,1587108,0
1982523757334354059,-681557,-355929,0
3855250974466643998,1214506,-1680084,0
-7967997590777257723,-770309,1164172,0
8854220023558368224,1160950,230213,0
4187705502058922088,-786833,1236254,0
-3307655335608710786,190621,1302223,0
-3126041586074691967,-893398,-22158,0
-1566900613894201889,-215427,-1808746,0
-4760350354697153298,1447435,-343545,0
-798328827398704900,-1396690,629846,1
-4174405330832972380,-676556,-934794,0
921501397429089379,618076,1263659,0
8010037925291057514,1405134,-343125,0
5892904331829207477,-216052,-765266,0
-504165542931278245,-1001394,-979875,0
-2530726027143829208,-984485,-647380,0
-202142971999052184,-131861,-873273,0
-851562946732265467,-83179,160406,1
-3844004353796471340,100684,-840523,0
-5336060377936077013,321828,483293,0
2401459183896101302,-965720,-419096,0
-4061888058805714550,-736697,722231,0
7583599281567823482,1585391,969189,0
8371234606936322729,187216,-210291,0
165323969870548576,-1488591,-1031859,0
797155191167868194,1572172,569583,1
-3144030140016074756,-571544,-871853,0
4603426373965859104,162559,648990,0
-2757819214926240588,-341141,-1282951,0
-4580498681286083865,-1048035,-1147906,0
-593590541210337466,1590401,-490017,0
3860416157799719244,-1759803,864638,0
2053074424441524799,-299322,93043,0
7596662083869709369,-809463,-1573858,0
4717186381387638404,1742962,-1019651,0
6597997512286429995,1146036,-1241878,1
-6418964290990497331,1439620,983062,0
-6750670484231457868,1810009,133813,0
6078980630980955429,-329987,-1203436,0
-7614862199493791751,251144,661751,1
-5914062833442444436,-1312969,638795,0
7780352124072346932,-1483867,-256473,0
-5177928165360033835,-521892,-928874,0
-8330581191135432141,-714269,879730,0
8504918473241797736,-1720042,-1665493,0
3891276747672069591,1754123,-1771563,0
-6369109354447892351,-1394359,979040,0
-6126214412948361833,986017,-444958,0
1242821892018417487,-1157118,-1487494,0
-431115977692171270,-309291,547938,1
6804311769113519702,-1276532,-685700,0
-4884983145647845600,1455253,-668664,0
-6564956362433614867,-1559183,-166104,0
-499229818741072070,-1292425,-1569322,1
-8703318522146697791,409823,-602220,0
-4616073735175095026,37959,-1210237,0
-557988340093876400,-1413442,394551,0
-1425338429727098764,-901013,-1247856,0
-6120253052250789777,1264666,-231980,0
-553337121094867237,-1790624,-208502,0
5561532201846246341,761115,1667831,0
-5100535357091135036,422641,1662109,0
-4365213896348721842,-1861383,1084883,0
6551188849221801286,118394,-599489,1
-4357251194244321064,232427,1094729,0
-262027458115518839,701146,1228851,0
5720102712886388873,-1782235,1046766,0
-2918557518238139829,-1350149,-1863476,0
-3996344764363871401,822941,1769111,0
-540652867571285154,-1669918,1717007,0
-8259954291444175986,897972,-1367873,0
2700357057658667304,564440,-738025,0
5985325297584143694,605766,735695,0
-4748121864686090719,1152382,-1610985,0
-5030095238664389365,1329949,-1444753,0
646454540160458328,-1507122,-1604771,0
-1317641958071220725,-1798499,1653783,0
-7306210168400646673,1411096,-412991,0
8539468866195781867,1259495,-964575,0
4649717679521685402,-1598160,408466,0
-3466718205091081701,-268366,-312511,1
2358992851183002405,-1603534,395904,0
-5500283744051195811,891119,1734943,0
-8325632784356770837,1363657,1864027,0
-8741326191795868854,-1255560,515465,0
6565899799494385503,1630153,-279303,0
-3966324164662765107,802492,1651905,0
-9162612417907645561,840363,-1730049,0
-1244727760912258906,156964,-1102976,0
-436937686527459973,1157118,-1683615,0
-7910462487578746648,1396407,-502874,0
1380543803781140459,-1724315,-1579186,0
9210465090254634619,-610986,1314604,0
-8303855769990346345,1241858,-1519534,0
-5123998120840235365,1730792,853500,0
1481128843472491476,-992988,-1390819,0
3141596400962457175,-737980,367129,0
1839639982429868302,-275075,539501,0
-8618913684439760621,-116558,-1797612,0
703717182498384704,1705609,1516120,0
5762031172641027846,237848,-756534,0
-6798542775850585475,188689,1814322,0
-1229922812491969603,568931,-990675,1
1273166278186814315,645564,-1056993,0
9113653920474686614,-277985,-702528,0
7368073722899377603,-1090969,-749258,0
-8378830261750212794,-344081,809721,0
-3784789554100145453,302038,-734640,0
1845531422228258900,490233,-280075,0
-246842339208809476,575838,-955814,0
-1475398565121316453,179248,-987761,0
7895469328788683059,1604686,1465575,0
642018850312003788,1758855,1561216,0
-8971129103895660668,-537220,872829,0
6099983991615725033,431929,1055169,0
9078682371407355786,1838362,248348,0
362018497572116939,-766431,-94574,1
-8414115872934921223,-80759,-1546235,0
-4372244068938238818,294526,-1429643,1
-2483219537492320235,1241599,286460,0
4370459409572711520,1026121,1373531,0
-9216697847288469960,-588926,447598,0
-619494260767857819,1277038,1401592,0
1624002057644883536,752646,-687781,0
6006846895894877909,56494,1069446,0
-6233265683066663842,-1113914,-1328640,1
-5435374334568176339,-1179245,-1092635,0
2323131630472206072,398194,-893150,0
-338398023312309062,-1817358,-1869539,0
1010710816892847559,203256,-286413,0
-7649980024325109215,1347530,-1566624,0
566297678759784458,1245336,581623,0
-6137867928467661094,403672,-1510492,0
4247592717315565034,923794,-1693566,0
8923328162858949433,-886831,1633653,0
7214142923629180441,575276,1871854,1
-5819711461453524673,-1628045,889443,0
3515893052611954178,594762,-1538472,0
-1353674160914199011,-1744673,-181045,0
-2387213869372064332,353855,-1506124,0
-7404184691361212012,-1853614,-496898,0
-2529490283574915649,-1766245,1118960,0
8174944333965772838,-1482048,-1534157,0
9220755615904299960,1098300,-1072095,0
4959647779433369499,-449365,302812,0
7956711653079613112,-131995,-1250759,0
6482835981673917309,1870361,353009,0
-6053554785839338531,1052794,-1273770,0
7091077533547614619,-555199,964806,0
7864462560128266952,-897154,-259129,0
7219261624210077322,983504,1690534,0
-515612988467877346,-50757,683867,1
-558432614677683681,1390890,1401969,0
-1655445971394483193,339430,307678,0
-7369144741381909514,-722472,-255717,0
817803592416248498,118565,757984,1
-8695484593158490129,124776,1844150,0
-204557430757219121,874988,-37908,0
-1930633550603523413,1120256,-1419399,0
6824669428553269779,1264163,1611801,1
7152329744604909075,-1098610,1303809,0
2521477811797434296,953330,1867593,0
-6301066163668210222,1201162,640665,1
1355093831265879290,985981,1031559,0
3051255626338137046,-1788468,-805879,0
1361871710915475355,1132448,915812,0
-2161875807426843437,951588,1816976,0
2182542885020616799,-1083376,382863,0
-8455548620506112833,-1835908,-1580350,0
3393771447066226577,622222,-315354,0
-6013313987146046633,587258,-1254045,0
-9112474444977211011,1735660,-920389,0
-4524034244366503783,-1434778,-1356401,0
-5341794776309611788,1339921,1533638,0
2961903770018548040,-1326916,-235509,0
6299633335814866379,800513,-925099,0
-9204467189906924692,-1324891,1844088,0
4043308740815533403,-1324291,-620929,0
2098338296724660943,1730978,-1493257,0
-2240765900599088381,-1716864,-1097495,0
2995786816292871552,-703024,-1178885,0
1242556493219357346,-1343383,-163326,0
-3181020670042746796,308276,-1342518,0
-1697501436376905955,923944,-1128642,1
-8510392608710927520,-1537921,1410552,0
-2493293454627959073,263508,1062766,0
1095199819391295104,658336,1685208,0
1893503163735713876,54493,920168,0
-9049525529847730732,-1002417,308339,0
3096834743426463341,-1524377,37122,0
1519237135197279805,874721,-373293,0
3349995314582969631,-575724,1802996,0
5572962853881885157,-395046,549681,1
-1980389927808983581,-1690408,-666148,0
2771356223705402548,-814094,-194480,0
138306592837633080,-762309,892165,0
5372419358332197083,125758,-1492027,0
3450672765776355869,334362,-41140,0
-1378881154304019635,1065038,-16310,0
-367741885445137257,749631,112460,0
-9127073739205380031,1414798,-1384834,0
-4624474544538351567,-761794,-822848,1
-6084969941556156494,183948,-818465,0
6255612301231838583,-1466518,-1837861,0
4910620181380897247,573648,-22460,0
-3115156275525120646,-464608,-1163737,0
4700334448779445195,938281,-721306,0
4432799308584787535,-441586,-1783687,0
-6662134207228720194,1566791,1046273,0
7643268131061462928,1433297,312876,0
5139908636730846658,-779367,1271180,0
-5222179513839241511,134348,-1595661,0
-7125464072460013530,1358079,-76293,0
5511491717820277836,803699,-733377,0
-2600932493008885761,1507791,-130018,0
-2011035093755609330,-1498489,-413195,0
3712947325812575650,-1375684,1294722,0
1658726176062413255,1304427,1302761,0
-2084837894353854164,-1391068,-1820174,0
868892893257352998,-665473,-555500,0
-2547412567488930054,158279,-1685175,0
5987107380431853147,-1044914,-713074,0
-3673049980765895631,924017,-1771012,0
7968767559272357787,90949,1248031,0
-956380219124948169,-16597,-390951,0
4108959832133804192,-481576,786744,1
3292637564420360248,-1169270,-496584,0
-1968080296699778778,-1797282,265112,0
1562400746992823714,725482,870160,0
-3610706519367166097,384914,1358113,0
-5557470357507571543,-128495,909106,0
-5147412836685978432,-866477,-1757387,0
-6237239581108750908,1360570,-285138,0
6603639746198290914,-1446348,-1387523,1
5045767038848707886,252854,-425555,0
5608353787952497570,1436637,-1847250,0
-2423139019982968986,842097,1201180,0
-9180236272395362479,-1050537,1389072,0
7393018375131859375,1357770,1199603,0
8611713068579436356,1801682,-638775,0
-1095612206180027759,1548706,1001007,0
5998589178151024469,1839266,-1040029,0
718675209453755990,-1766596,827672,0
-7429573399837408928,810210,1580564,0
-8318092148729160819,-148014,1494919,0
6297179009788733895,319968,-416517,0
-8218722342690631797,1169422,1777779,0
-1282198649306954769,1434741,-721210,1
-9098965344687437083,-1300566,-1246032,0
4727361494728556225,-1002931,892937,0
-8445558215498371592,986142,1437158,0
-7341512580031295190,-1693484,-186429,1
3982933259085684065,-310463,-549054,0
-4177039126180219237,678506,-1021274,0
-7928450637665384827,-1080592,-788368,0
6129638059704679305,-171089,-698783,0
-8578126692670557174,-1741103,-1453366,0
-1189030838976439826,303754,-277044,0
2759610968371360348,1004416,356894,0
-2635219843039320634,157190,-365482,1
-203823499117247447,-668614,1192704,0
-4902128659304183405,-1215004,-1861607,0
8848470658413274853,-340035,-539233,0
8610817580831757018,156101,-1748112,0
9220548382530824007,1061560,60677,0
-337375764321890652,1056517,1847253,0
-4245632521101785654,-858390,-985727,0
4921911235477353982,-297043,1309471,0
1156162207725923117,1293848,1648605,0
-5949358922034894215,-1279307,1689174,0
3481114367024852212,1171293,244727,0
450774387981370026,1689235,854070,0
790041622465552868,-621792,-1339010,0
6677142229188568747,1189031,737780,0
-4773599615719242101,-1481942,-724381,0
-5288292339502596968,-123210,1538568,1
380927441134186934,1823779,1042899,0
3570619844030424340,1053552,-1340189,0
-6924805338421602056,599806,-1823500,0
2217890975992137665,1173270,-98470,0
6621893360956237098,-1827262,-1079337,0
-4831386577755738165,1260824,1116197,0
-2510030966180309275,-199387,446106,0
2338533970906839134,-627197,764979,0
-1486940742896911606,482836,4754,0
-5373572139033458389,-1586835,-1250945,0
5129137157059440443,454403,-952694,0
-8678690041636625688,918107,958935,0
-7322193196830198177,-839183,-216601,0
2666690093904493517,1146235,1847861,0
1414936452557577506,109467,1460964,0
-9004209172571640809,-159914,-1247122,1
-6607525947873169806,874396,736324,0
-4304858700848862584,1801413,1327975,0
-6648894167422109693,1469233,224220,0
2412495336287934693,1087977,-484173,0
-3407182523393450292,-1020337,240318,0
9200212372539367543,1245223,873245,1
5128445558255911816,-469287,-625866,0
7964313203548036747,-686959,-662549,0
371286994996737846,-1617671,-1798647,0
7237246529409802482,316532,-1446426,0
561519905692647322,-158589,1436027,0
1021545266186547841,1297329,-1054156,0
6125295412510175365,1830360,856999,0
-3464825492665037578,-1260088,-251808,0
-4659122930755599319,741317,1664296,0
4345439836876389200,-1420692,1161684,0
-7782778025736574059,-1495696,301337,0
6133278380521742926,1470651,1812242,0
7135907729881747567,1201900,-137648,0
2822486500621425984,-1484739,130362,0
2315464213196091471,-980324,-1772757,0
8933346051072648871,455761,1515368,0
-7690056949660080319,516601,538830,0
-8600909074846135622,-1540592,1641771,0
7381903308395301446,-1443058,1473468,0
267542020354599396,-1278936,1018824,0
2323875348137005523,1732929,665461,0
-8570552716175750333,1544643,1350623,0
6322627491342521424,154631,-726621,0
4830876119400316715,993594,-774461,0
-5348699075635457895,1258876,-1730921,0
-6296333437996985951,1190672,1121510,0
-1972226462797969279,1753134,666350,0
-4599041300096725791,724340,435203,0
-4976048770629751989,-421989,-120437,0
-4675465523483325479,-524970,-1006895,0
-6127166732946780113,-1053898,-559587,0
1052339671265467563,333114,1800184,0
8197246657054097627,-1364325,-1572713,1
-5334109923177286865,1756274,971100,0
4460496022988526575,-1420435,-1655018,0
-1467341439043409042,1770325,324204,0
702512751491192704,-460486,201186,0
1554296892314836008,-1666611,861731,0
-5665983466623022186,1307379,997032,0
-3263741893115922097,836549,55627,0
6962923291524508845,1003722,-659935,0
-4699843641243203958,-1435380,-1220668,0
5918968274165583416,819299,-1653517,0
-9047163072767206989,-1454551,1306463,0
8933551168401196313,752530,31377,0
7623771981165194585,-664148,-1718695,0
-5520858210541837781,-874324,-1782732,0
3135980966016320319,-702904,-44108,0
354101167737683129,1604601,-1859192,0
-4375275237940521253,-1469755,1556240,0
8841933987659451651,-609539,-1671741,0
4772985745353170904,-912019,1245569,0
5678541910412908224,915438,-888438,1
4658089773313205396,-1190741,110139,0
-7798801293296147561,1870326,1606720,0
3164413417200508067,-1331331,1303193,0
-5621762753641607772,-315181,1263595,0
341321165684941642,-978628,1533384,0
-5449770862499243526,-455291,118433,0
4684448281653475845,863037,-795314,0
4861744515243860763,-964389,1137037,1
7905916100771601153,-599076,-1295836,0
6489238289308750722,1350728,354877,0
-2520085803311293534,-1595352,590694,0
3656138290234863641,1798691,255505,0
2681289086579056383,1784183,-582056,0
-6177548858125962557,-1498403,-1205318,0
8443782933709117537,1580432,1787751,0
6230583885808301267,-1156657,1059639,0
-3765845454385865272,17376,-942852,0
-2451410764657677933,1810986,-1049518,0
-1237216575064978842,1791751,1674444,0
-5669608689425635137,-328998,195814,0
-7464850078574530271,1199901,430611,0
2439518006932048135,307315,-885421,1
-5860293763126501611,466910,369838,0
-595050725537543536,1750911,-581156,0
-8801791931323568624,-313274,-1306823,0
1436531716753248628,1873527,1853757,0
1852456439118178069,-539400,590649,0
6901606395299295293,-761365,-1566405,0
-1911055515302677286,-1816045,1445726,0
5175906496835961454,-468332,691259,0
-9153387282843163063,-201880,-487116,0
4892039083549988602,-533208,-1171810,0
8210011174713524482,14626,-1798606,0
8821454778154527435,772496,-1198331,0
-5690992132530428968,1209136,-422478,1
7047241952638497596,205065,932195,0
4170031089781881168,1087206,-1703235,0
6780476905291593888,871714,-830965,0
-7046837861923161563,1800366,-1364812,0
-4730573313934753607,-1328048,1290890,0
-292330814532042809,-936166,-78547,0
2917238954872064321,-1300800,-732237,0
-1824406080710580521,1435000,-1159856,0
8601962731216638565,1689193,-983250,0
-3666614713631374932,-1578453,-562063,0
5383280219990341956,1259021,1296677,0
2537211329771526865,-1586356,-66046,0
907624656588087924,1364337,86155,0
2464261388851398532,145084,-1292602,0
-204460518421908354,1471167,4234,0
4591252344271850041,1596916,-1179324,0
-1692443436898082211,-1629868,-1322203,0
-7662179446897212138,-280886,834941,0
-8661304029154376189,576686,-300154,0
6096277880111037556,-1160167,-1603757,0
3627149731098151637,-1332246,52407,0
197090160328780132,781558,-1759287,0
8065621770553845802,766350,-1808326,0
-5055127171353256921,136615,-987639,0
3597175315845376975,344802,-1073621,0
-3551474121353040203,-1597981,1012628,0
-824983138148264826,-289281,-1101111,0
5537372108938397496,-1179359,-873201,0
-3551658016907936638,1643590,8902,0
8762838068485237390,-932265,-1862048,0
-9067902489398160404,-272144,52603,0
2453477667486785226,612033,-221129,0
-957377199203013790,-505486,357557,0
-3530243472273269326,201085,-1435106,0
512923401182301810,1011966,1279650,1
1969104952249014083,1230687,751215,0
-2703618535019499996,-835415,-429637,0
5780379447287596073,-1149701,-790923,0
5874630054636215149,-866178,1238014,0
2027255816127760456,-242791,615900,0
-7270545065246780995,-147888,214661,0
-5715693922287835850,1000472,-1394681,0
-2335642099707408014,-157602,-842692,0
-3140323957790409538,-112715,-1617880,0
7438130168388668002,325305,-379174,0
9052523631920653150,-1243485,1858060,0
-3782596976853756330,1573201,-936873,0
6579603855370207945,1355016,1468881,0
6635359173499339657,558840,178859,0
5336155401179679847,434403,-803030,0
-4906223411384242387,-234989,-689816,0
1337369870999763920,-1642339,1563027,0
-2338852233950318618,1431583,-387201,0
-584587261372585643,1125424,-929633,0
128231150267109453,1068234,-1034611,1
-8376079582601302921,-48048,1810635,0
-2871326828260468370,1571761,-709008,0
-613817466717860243,939770,-861680,1
5539104429582003530,-1148055,-1427298,0
7516699903594712227,1813633,-690973,0
5205229280152744278,1395137,-1592845,0
-7613148939120514250,-1395806,-58841,0
-6939309719395776262,787454,-904501,1
7868663370168539000,419626,1457449,1
1511576063168503828,-1755231,967209,0
-5321509790690043278,-1070709,-1703961,0
7782044424379303282,-313013,-500131,0
4860548994804030301,404502,-1243295,0
181699543300183387,186368,806813,0
-8864222911748951512,613455,-1010412,0
51937018988409863,1154592,296088,0
-7028047997622171146,1125226,1628175,1
3322490133955926050,-123710,-1035444,0
1146073931397551005,1454421,-723034,0
-5581678264913517235,317045,857849,0
-4538554140278994905,1792034,-1504492,0
-8127561889523919203,-320737,-1152695,0
-3983053076600915116,-1187598,-1384627,0
7484244194370582810,-218895,1814959,0
-7344639178643227113,380976,1559442,0
5236410926698673729,999049,-1529650,0
6346643276048421141,-78904,-836119,1
8170770503096495747,-983524,415244,0
-981394385585395927,-1147915,389855,0
-3249618727958027324,-1246274,31133,0
6107224643745413091,1115187,-209306,0
-2871726630208982051,1828447,1071354,0
7190282056704139780,303358,1596962,0
5191888590845535002,1518060,77683,0
-5094775566458659325,1778316,73543,0
-8498805627321141572,1284244,1648976,0
1393874204737781899,474491,1336585,0
6572081645419323255,-544626,319004,0
3520107800786504955,855530,945128,0
1010992068182602742,943956,1656797,0
7435806827206760420,302866,1690640,1
-4351503125045396653,-443171,83923,0
-7759828046899676785,509561,-255338,0
-6300048820271659105,-646853,1382389,0
3543901253146529909,1178064,-507654,0
2659185544765038688,14313,314863,1
3508836184713122756,-1510436,1217449,0
1864166977260109069,626501,-657962,0
524288708825839073,1462735,1653491,0
-4801838101430136940,-1712823,-1324643,0
-5777990925565274400,1266287,-1484155,0
6806870604262334165,148033,-64355,0
-4415527176995092722,-1176165,504021,0
7145456076752859429,-1230939,-92970,0
-4885984684839691928,-455411,752005,0
1971454361135613644,-118120,-320673,0
6844008955507426849,-1731787,-844889,0
-7373485940751358841,1632656,1833286,0
-5097346358514295520,-1716530,1282705,0
-7010800692461359610,773003,1229128,0
-5662415589467961217,-1221177,-1672439,0
-4054726684093018001,254094,-28402,0
2940055465640484621,1356034,395813,0
-7063701250541994791,-607394,-1033808,0
-5564196307617593651,1292521,1843565,0
-2884923904349162798,-1078275,62415,0
-7588807084744005771,640313,-388140,0
1919480944380205786,32228,179112,0
6010673806990454000,-1626611,-267832,0
-3738367247231700762,570193,1231175,0
2582637202263300573,-216577,821754,0
1614708460435914462,-657946,453006,0
1387953931858422285,-1821302,1273388,0
893474298663921439,1049933,739169,0
686323574528476424,934540,1384878,0
-4882337932443911,-155638,1347232,0
-2981637946712915831,1846837,-1691750,0
8922132712848472369,1371511,-1175673,0
-5921519323427867906,-183894,-163661,0
75351219605889153,-844697,-7192,0
-5715891356773034487,815090,-1791861,1
-7307746441323191788,422602,998439,0
2481852562738247937,-1363531,1730633,0
-7527948676102051830,325960,1267595,0
-7149460984508873870,535837,-1504639,0
4573995580389508090,703144,1598071,0
2793117697440761753,1107190,1732056,0
2404991093396007275,-1224117,955710,0
6883191009415193832,-1625586,-1453226,0
-5673819923838748583,-8855,-708966,0
442583388202023560,106676,-944695,0
5014078800398702519,933868,1824613,0
615516341438851538,-1550464,1681606,0
2961495007665020903,-213833,996463,0
-1476705444087125803,-136597,-311130,0
7094501397480543555,592283,-1617533,0
-3594406302096907052,-8173,675330,0
504195292955898520,1188362,-20432,0
-8993480760258841403,-1808111,-54578,0
7668149606200607654,191996,-1339984,0
4289292804241726418,604425,-346227,0
4701488117586825121,1703958,-1730087,0
291794721164991452,-586829,1436473,0
-2856989540202212429,1853452,-1262756,0
-1501898637569845261,-172630,874737,0
-2889910249063805576,-563440,-861113,1
-516036535922522401,1052172,249292,0
-6596797250441407104,-752138,-534785,0
5000815911396095387,-635646,254355,0
6141353618838768080,1052901,-70943,0
7123171925159434708,948303,-1831226,0
7103552191333927009,1264063,-1083522,1
-194897841132604306,449701,238571,0
-6609707442190321248,-1293006,-524297,0
1069448603829437439,634033,-1133903,0
-925014042402755860,9643,-383331,0
4896147402009184082,-345084,287726,0
-4157756574012212964,-603292,573981,0
3831438616033873894,359275,282975,0
8039176596295584502,1136451,755388,0
-1461937941788482451,-247325,-454621,1
3485172260035304377,-1212485,1740477,0
-4735716769746635955,-1010570,-985831,0
4253252969905608084,-1603151,-951851,0
-854863146382371550,983756,-447544,0
-2748747890872386516,-1136448,1214146,0
-4297150358949257414,1578749,154727,0
6994517641070126874,1222314,-57094,0
4012217049669092887,-1103702,-609059,0
4973965244168522859,131523,1186934,0
3125415488299094001,592256,-310018,0
-6164127851793966306,-159247,283716,0
3760719532785178418,-363992,-1847222,0
765179449887172010,-750097,-1201711,0
7510176894680636664,-1532088,572499,0
1271309235763534965,-1865056,298857,0
2820599299297946518,-1490264,944364,0
-5662831916532803490,165127,-1671510,0
-3436014469578766061,-1300073,704011,0
9205777566564840756,-304661,1288336,1
-672998004664895063,1341049,20799,0
-2676556981964489668,-432039,1251947,0
741614698153693767,-1856641,-1160438,0
-354593997970497873,1434298,1294173,0
-6897510366898955504,-1361286,511005,1
985813334918758457,-121296,755353,0
8724611698933514714,229393,1809639,0
-5760050108053614212,-216583,898465,0
2773692290319604912,1665146,-79041,0
-6373695755525981557,1731314,-58901,0
-5031150876156036015,-683196,1619796,0
9068216527013926255,319514,899518,0
3895948135286476462,688053,1036929,0
-4705975512096999259,-758729,583149,0
-8053075148566687377,945170,1777390,0
-1203878660240928354,-1532153,-980513,0
-280914268850039697,591572,-1240943,0
-244963966781944002,-1281957,-1038858,0
-3250706404020450244,1787622,1734968,0
-3924078891942683554,1865803,1575402,1
-1882669730540079976,1706273,-1228251,0
-4993872687089653173,365406,580719,0
4381789071690318587,-888984,-1293200,0
-7415930416135009468,-1688969,1750812,0
4859395231808989454,-1389527,-1021067,0
-1582596186068706049,-1377944,432738,0
3540279971758483249,-1331753,553515,0
-1849457300866727132,54957,628413,0
432554090387238646,800724,-863956,0
-8139935889992781359,761904,624784,0
-3384182139085482589,-461733,-695595,0
-378852405837592556,840271,1514762,0
1373381279638836917,-520733,-621688,0
-2724447419998258572,-1835060,-657001,0
-385143424243653032,-1555307,1199268,0
6874617502880075113,1248676,-1544923,0
-1925111429208009745,-889051,1818741,0
2798387968029401055,-1752701,706115,0
737553035096325266,962400,-1867556,0
9093099173622220216,151380,-1704576,1
8373326490390924683,-490280,1177698,0
7558975223351243335,913739,1792018,0
8542797636735112920,935309,1135522,0
1037718807318016725,370899,-132017,0
-7232483306179908179,662557,-225584,0
-3264207769449498337,-528877,292569,0
-6801084538011246865,-997566,-1744020,0
3884925530487813590,3581,-571799,0
8924565721846723001,-1474438,-1237714,0
-4920577686254894306,-1307677,233949,0
8546011226201373147,-1779948,-850188,1
-8655746573615980785,1269892,-237367,1
-8386683684664575402,495487,153674,0
1254452163642291767,1430625,459768,0
-5902378245123581983,1029323,1860736,0
